date,mode,mode_name,type_of_service,upt
2002-01-01,DR,Demand Response,DO,17347.0
2002-01-01,DR,Demand Response,PT,
2002-02-01,DR,Demand Response,DO,17198.0
2002-02-01,DR,Demand Response,PT,
2002-03-01,DR,Demand Response,DO,18583.0
2002-03-01,DR,Demand Response,PT,
2002-04-01,DR,Demand Response,DO,19056.0
2002-04-01,DR,Demand Response,PT,
2002-05-01,DR,Demand Response,DO,19823.0
2002-05-01,DR,Demand Response,PT,
2002-06-01,DR,Demand Response,DO,18965.0
2002-06-01,DR,Demand Response,PT,
2002-07-01,DR,Demand Response,DO,19649.0
2002-07-01,DR,Demand Response,PT,
2002-08-01,DR,Demand Response,DO,20640.0
2002-08-01,DR,Demand Response,PT,
2002-09-01,DR,Demand Response,DO,19898.0
2002-09-01,DR,Demand Response,PT,
2002-10-01,DR,Demand Response,DO,22232.0
2002-10-01,DR,Demand Response,PT,
2002-11-01,DR,Demand Response,DO,20623.0
2002-11-01,DR,Demand Response,PT,
2002-12-01,DR,Demand Response,DO,20035.0
2002-12-01,DR,Demand Response,PT,
2003-01-01,DR,Demand Response,DO,21488.0
2003-01-01,DR,Demand Response,PT,
2003-02-01,DR,Demand Response,DO,21496.0
2003-02-01,DR,Demand Response,PT,
2003-03-01,DR,Demand Response,DO,23843.0
2003-03-01,DR,Demand Response,PT,
2003-04-01,DR,Demand Response,DO,24029.0
2003-04-01,DR,Demand Response,PT,
2003-05-01,DR,Demand Response,DO,24262.0
2003-05-01,DR,Demand Response,PT,
2003-06-01,DR,Demand Response,DO,23262.0
2003-06-01,DR,Demand Response,PT,
2003-07-01,DR,Demand Response,DO,24540.0
2003-07-01,DR,Demand Response,PT,
2003-08-01,DR,Demand Response,DO,24890.0
2003-08-01,DR,Demand Response,PT,
2003-09-01,DR,Demand Response,DO,24446.0
2003-09-01,DR,Demand Response,PT,
2003-10-01,DR,Demand Response,DO,26646.0
2003-10-01,DR,Demand Response,PT,
2003-11-01,DR,Demand Response,DO,23118.0
2003-11-01,DR,Demand Response,PT,
2003-12-01,DR,Demand Response,DO,24094.0
2003-12-01,DR,Demand Response,PT,
2004-01-01,DR,Demand Response,DO,24502.0
2004-01-01,DR,Demand Response,PT,
2004-02-01,DR,Demand Response,DO,24715.0
2004-02-01,DR,Demand Response,PT,
2004-03-01,DR,Demand Response,DO,28187.0
2004-03-01,DR,Demand Response,PT,
2004-04-01,DR,Demand Response,DO,27510.0
2004-04-01,DR,Demand Response,PT,
2004-05-01,DR,Demand Response,DO,26425.0
2004-05-01,DR,Demand Response,PT,
2004-06-01,DR,Demand Response,DO,27463.0
2004-06-01,DR,Demand Response,PT,
2004-07-01,DR,Demand Response,DO,25780.0
2004-07-01,DR,Demand Response,PT,
2004-08-01,DR,Demand Response,DO,25676.0
2004-08-01,DR,Demand Response,PT,
2004-09-01,DR,Demand Response,DO,24785.0
2004-09-01,DR,Demand Response,PT,
2004-10-01,DR,Demand Response,DO,26866.0
2004-10-01,DR,Demand Response,PT,
2004-11-01,DR,Demand Response,DO,25967.0
2004-11-01,DR,Demand Response,PT,
2004-12-01,DR,Demand Response,DO,26789.0
2004-12-01,DR,Demand Response,PT,
2005-01-01,DR,Demand Response,DO,26877.0
2005-01-01,DR,Demand Response,PT,
2005-02-01,DR,Demand Response,DO,27496.0
2005-02-01,DR,Demand Response,PT,
2005-03-01,DR,Demand Response,DO,32597.0
2005-03-01,DR,Demand Response,PT,
2005-04-01,DR,Demand Response,DO,31486.0
2005-04-01,DR,Demand Response,PT,
2005-05-01,DR,Demand Response,DO,30979.0
2005-05-01,DR,Demand Response,PT,
2005-06-01,DR,Demand Response,DO,30397.0
2005-06-01,DR,Demand Response,PT,
2005-07-01,DR,Demand Response,DO,27409.0
2005-07-01,DR,Demand Response,PT,
2005-08-01,DR,Demand Response,DO,30985.0
2005-08-01,DR,Demand Response,PT,
2005-09-01,DR,Demand Response,DO,30181.0
2005-09-01,DR,Demand Response,PT,
2005-10-01,DR,Demand Response,DO,30608.0
2005-10-01,DR,Demand Response,PT,
2005-11-01,DR,Demand Response,DO,29751.0
2005-11-01,DR,Demand Response,PT,
2005-12-01,DR,Demand Response,DO,28258.0
2005-12-01,DR,Demand Response,PT,
2006-01-01,DR,Demand Response,DO,29840.0
2006-01-01,DR,Demand Response,PT,
2006-02-01,DR,Demand Response,DO,28757.0
2006-02-01,DR,Demand Response,PT,
2006-03-01,DR,Demand Response,DO,34254.0
2006-03-01,DR,Demand Response,PT,
2006-04-01,DR,Demand Response,DO,30151.0
2006-04-01,DR,Demand Response,PT,
2006-05-01,DR,Demand Response,DO,32074.0
2006-05-01,DR,Demand Response,PT,
2006-06-01,DR,Demand Response,DO,31399.0
2006-06-01,DR,Demand Response,PT,
2006-07-01,DR,Demand Response,DO,28645.0
2006-07-01,DR,Demand Response,PT,
2006-08-01,DR,Demand Response,DO,33390.0
2006-08-01,DR,Demand Response,PT,
2006-09-01,DR,Demand Response,DO,30505.0
2006-09-01,DR,Demand Response,PT,
2006-10-01,DR,Demand Response,DO,32250.0
2006-10-01,DR,Demand Response,PT,
2006-11-01,DR,Demand Response,DO,30738.0
2006-11-01,DR,Demand Response,PT,
2006-12-01,DR,Demand Response,DO,28521.0
2006-12-01,DR,Demand Response,PT,
2007-01-01,DR,Demand Response,DO,30898.0
2007-01-01,DR,Demand Response,PT,
2007-02-01,DR,Demand Response,DO,28865.0
2007-02-01,DR,Demand Response,PT,
2007-03-01,DR,Demand Response,DO,32668.0
2007-03-01,DR,Demand Response,PT,
2007-04-01,DR,Demand Response,DO,31228.0
2007-04-01,DR,Demand Response,PT,
2007-05-01,DR,Demand Response,DO,33803.0
2007-05-01,DR,Demand Response,PT,
2007-06-01,DR,Demand Response,DO,31562.0
2007-06-01,DR,Demand Response,PT,
2007-07-01,DR,Demand Response,DO,31532.0
2007-07-01,DR,Demand Response,PT,
2007-08-01,DR,Demand Response,DO,33662.0
2007-08-01,DR,Demand Response,PT,
2007-09-01,DR,Demand Response,DO,31210.0
2007-09-01,DR,Demand Response,PT,
2007-10-01,DR,Demand Response,DO,34820.0
2007-10-01,DR,Demand Response,PT,
2007-11-01,DR,Demand Response,DO,32066.0
2007-11-01,DR,Demand Response,PT,
2007-12-01,DR,Demand Response,DO,29786.0
2007-12-01,DR,Demand Response,PT,
2008-01-01,DR,Demand Response,DO,33839.0
2008-01-01,DR,Demand Response,PT,
2008-02-01,DR,Demand Response,DO,34440.0
2008-02-01,DR,Demand Response,PT,
2008-03-01,DR,Demand Response,DO,36184.0
2008-03-01,DR,Demand Response,PT,
2008-04-01,DR,Demand Response,DO,37829.0
2008-04-01,DR,Demand Response,PT,
2008-05-01,DR,Demand Response,DO,38283.0
2008-05-01,DR,Demand Response,PT,
2008-06-01,DR,Demand Response,DO,35224.0
2008-06-01,DR,Demand Response,PT,
2008-07-01,DR,Demand Response,DO,37234.0
2008-07-01,DR,Demand Response,PT,
2008-08-01,DR,Demand Response,DO,38542.0
2008-08-01,DR,Demand Response,PT,
2008-09-01,DR,Demand Response,DO,39675.0
2008-09-01,DR,Demand Response,PT,
2008-10-01,DR,Demand Response,DO,42634.0
2008-10-01,DR,Demand Response,PT,
2008-11-01,DR,Demand Response,DO,36184.0
2008-11-01,DR,Demand Response,PT,
2008-12-01,DR,Demand Response,DO,38565.0
2008-12-01,DR,Demand Response,PT,
2009-01-01,DR,Demand Response,DO,39735.0
2009-01-01,DR,Demand Response,PT,
2009-02-01,DR,Demand Response,DO,39478.0
2009-02-01,DR,Demand Response,PT,
2009-03-01,DR,Demand Response,DO,42715.0
2009-03-01,DR,Demand Response,PT,
2009-04-01,DR,Demand Response,DO,41748.0
2009-04-01,DR,Demand Response,PT,
2009-05-01,DR,Demand Response,DO,40948.0
2009-05-01,DR,Demand Response,PT,
2009-06-01,DR,Demand Response,DO,42035.0
2009-06-01,DR,Demand Response,PT,
2009-07-01,DR,Demand Response,DO,41434.0
2009-07-01,DR,Demand Response,PT,
2009-08-01,DR,Demand Response,DO,42134.0
2009-08-01,DR,Demand Response,PT,
2009-09-01,DR,Demand Response,DO,41098.0
2009-09-01,DR,Demand Response,PT,
2009-10-01,DR,Demand Response,DO,44111.0
2009-10-01,DR,Demand Response,PT,
2009-11-01,DR,Demand Response,DO,40676.0
2009-11-01,DR,Demand Response,PT,
2009-12-01,DR,Demand Response,DO,40502.0
2009-12-01,DR,Demand Response,PT,
2010-01-01,DR,Demand Response,DO,38825.0
2010-01-01,DR,Demand Response,PT,
2010-02-01,DR,Demand Response,DO,39486.0
2010-02-01,DR,Demand Response,PT,
2010-03-01,DR,Demand Response,DO,46224.0
2010-03-01,DR,Demand Response,PT,
2010-04-01,DR,Demand Response,DO,45208.0
2010-04-01,DR,Demand Response,PT,
2010-05-01,DR,Demand Response,DO,43937.0
2010-05-01,DR,Demand Response,PT,
2010-06-01,DR,Demand Response,DO,44617.0
2010-06-01,DR,Demand Response,PT,
2010-07-01,DR,Demand Response,DO,43006.0
2010-07-01,DR,Demand Response,PT,
2010-08-01,DR,Demand Response,DO,45533.0
2010-08-01,DR,Demand Response,PT,
2010-09-01,DR,Demand Response,DO,44428.0
2010-09-01,DR,Demand Response,PT,
2010-10-01,DR,Demand Response,DO,46107.0
2010-10-01,DR,Demand Response,PT,
2010-11-01,DR,Demand Response,DO,43158.0
2010-11-01,DR,Demand Response,PT,
2010-12-01,DR,Demand Response,DO,43013.0
2010-12-01,DR,Demand Response,PT,
2011-01-01,DR,Demand Response,DO,36305.0
2011-01-01,DR,Demand Response,PT,
2011-02-01,DR,Demand Response,DO,44224.0
2011-02-01,DR,Demand Response,PT,
2011-03-01,DR,Demand Response,DO,50130.0
2011-03-01,DR,Demand Response,PT,
2011-04-01,DR,Demand Response,DO,47299.0
2011-04-01,DR,Demand Response,PT,
2011-05-01,DR,Demand Response,DO,47569.0
2011-05-01,DR,Demand Response,PT,
2011-06-01,DR,Demand Response,DO,48533.0
2011-06-01,DR,Demand Response,PT,
2011-07-01,DR,Demand Response,DO,46537.0
2011-07-01,DR,Demand Response,PT,
2011-08-01,DR,Demand Response,DO,52525.0
2011-08-01,DR,Demand Response,PT,
2011-09-01,DR,Demand Response,DO,49940.0
2011-09-01,DR,Demand Response,PT,
2011-10-01,DR,Demand Response,DO,48135.0
2011-10-01,DR,Demand Response,PT,
2011-11-01,DR,Demand Response,DO,46616.0
2011-11-01,DR,Demand Response,PT,
2011-12-01,DR,Demand Response,DO,46530.0
2011-12-01,DR,Demand Response,PT,
2012-01-01,DR,Demand Response,DO,46579.0
2012-01-01,DR,Demand Response,PT,
2012-02-01,DR,Demand Response,DO,47871.0
2012-02-01,DR,Demand Response,PT,
2012-03-01,DR,Demand Response,DO,50922.0
2012-03-01,DR,Demand Response,PT,
2012-04-01,DR,Demand Response,DO,47877.0
2012-04-01,DR,Demand Response,PT,
2012-05-01,DR,Demand Response,DO,49990.0
2012-05-01,DR,Demand Response,PT,
2012-06-01,DR,Demand Response,DO,47954.0
2012-06-01,DR,Demand Response,PT,
2012-07-01,DR,Demand Response,DO,46741.0
2012-07-01,DR,Demand Response,PT,
2012-08-01,DR,Demand Response,DO,52794.0
2012-08-01,DR,Demand Response,PT,
2012-09-01,DR,Demand Response,DO,45696.0
2012-09-01,DR,Demand Response,PT,
2012-10-01,DR,Demand Response,DO,51852.0
2012-10-01,DR,Demand Response,PT,
2012-11-01,DR,Demand Response,DO,45435.0
2012-11-01,DR,Demand Response,PT,
2012-12-01,DR,Demand Response,DO,43052.0
2012-12-01,DR,Demand Response,PT,
2013-01-01,DR,Demand Response,DO,47498.0
2013-01-01,DR,Demand Response,PT,
2013-02-01,DR,Demand Response,DO,46321.0
2013-02-01,DR,Demand Response,PT,
2013-03-01,DR,Demand Response,DO,51311.0
2013-03-01,DR,Demand Response,PT,
2013-04-01,DR,Demand Response,DO,50377.0
2013-04-01,DR,Demand Response,PT,
2013-05-01,DR,Demand Response,DO,52288.0
2013-05-01,DR,Demand Response,PT,
2013-06-01,DR,Demand Response,DO,47080.0
2013-06-01,DR,Demand Response,PT,
2013-07-01,DR,Demand Response,DO,50698.0
2013-07-01,DR,Demand Response,PT,
2013-08-01,DR,Demand Response,DO,51293.0
2013-08-01,DR,Demand Response,PT,
2013-09-01,DR,Demand Response,DO,48646.0
2013-09-01,DR,Demand Response,PT,
2013-10-01,DR,Demand Response,DO,51147.0
2013-10-01,DR,Demand Response,PT,
2013-11-01,DR,Demand Response,DO,45180.0
2013-11-01,DR,Demand Response,PT,
2013-12-01,DR,Demand Response,DO,43609.0
2013-12-01,DR,Demand Response,PT,
2014-01-01,DR,Demand Response,DO,42154.0
2014-01-01,DR,Demand Response,PT,
2014-02-01,DR,Demand Response,DO,41432.0
2014-02-01,DR,Demand Response,PT,
2014-03-01,DR,Demand Response,DO,54960.0
2014-03-01,DR,Demand Response,PT,
2014-04-01,DR,Demand Response,DO,53788.0
2014-04-01,DR,Demand Response,PT,
2014-05-01,DR,Demand Response,DO,50708.0
2014-05-01,DR,Demand Response,PT,
2014-06-01,DR,Demand Response,DO,48826.0
2014-06-01,DR,Demand Response,PT,
2014-07-01,DR,Demand Response,DO,53331.0
2014-07-01,DR,Demand Response,PT,
2014-08-01,DR,Demand Response,DO,50526.0
2014-08-01,DR,Demand Response,PT,
2014-09-01,DR,Demand Response,DO,49947.0
2014-09-01,DR,Demand Response,PT,
2014-10-01,DR,Demand Response,DO,53483.0
2014-10-01,DR,Demand Response,PT,
2014-11-01,DR,Demand Response,DO,47303.0
2014-11-01,DR,Demand Response,PT,
2014-12-01,DR,Demand Response,DO,49690.0
2014-12-01,DR,Demand Response,PT,
2015-01-01,DR,Demand Response,DO,50047.0
2015-01-01,DR,Demand Response,PT,
2015-02-01,DR,Demand Response,DO,45150.0
2015-02-01,DR,Demand Response,PT,
2015-03-01,DR,Demand Response,DO,57147.0
2015-03-01,DR,Demand Response,PT,
2015-04-01,DR,Demand Response,DO,56521.0
2015-04-01,DR,Demand Response,PT,
2015-05-01,DR,Demand Response,DO,54639.0
2015-05-01,DR,Demand Response,PT,
2015-06-01,DR,Demand Response,DO,56105.0
2015-06-01,DR,Demand Response,PT,
2015-07-01,DR,Demand Response,DO,56358.0
2015-07-01,DR,Demand Response,PT,
2015-08-01,DR,Demand Response,DO,56260.0
2015-08-01,DR,Demand Response,PT,
2015-09-01,DR,Demand Response,DO,55114.0
2015-09-01,DR,Demand Response,PT,
2015-10-01,DR,Demand Response,DO,57462.0
2015-10-01,DR,Demand Response,PT,
2015-11-01,DR,Demand Response,DO,50978.0
2015-11-01,DR,Demand Response,PT,
2015-12-01,DR,Demand Response,DO,53308.0
2015-12-01,DR,Demand Response,PT,
2016-01-01,DR,Demand Response,DO,51707.0
2016-01-01,DR,Demand Response,PT,
2016-02-01,DR,Demand Response,DO,54568.0
2016-02-01,DR,Demand Response,PT,
2016-03-01,DR,Demand Response,DO,59607.0
2016-03-01,DR,Demand Response,PT,
2016-04-01,DR,Demand Response,DO,54410.0
2016-04-01,DR,Demand Response,PT,
2016-05-01,DR,Demand Response,DO,36950.0
2016-05-01,DR,Demand Response,PT,16283.0
2016-06-01,DR,Demand Response,DO,
2016-06-01,DR,Demand Response,PT,55672.0
2016-07-01,DR,Demand Response,DO,
2016-07-01,DR,Demand Response,PT,54060.0
2016-08-01,DR,Demand Response,DO,
2016-08-01,DR,Demand Response,PT,61264.0
2016-09-01,DR,Demand Response,DO,
2016-09-01,DR,Demand Response,PT,58159.0
2016-10-01,DR,Demand Response,DO,
2016-10-01,DR,Demand Response,PT,58686.0
2016-11-01,DR,Demand Response,DO,
2016-11-01,DR,Demand Response,PT,56568.0
2016-12-01,DR,Demand Response,DO,
2016-12-01,DR,Demand Response,PT,55399.0
2017-01-01,DR,Demand Response,DO,
2017-01-01,DR,Demand Response,PT,52733.0
2017-02-01,DR,Demand Response,DO,
2017-02-01,DR,Demand Response,PT,53483.0
2017-03-01,DR,Demand Response,DO,
2017-03-01,DR,Demand Response,PT,61676.0
2017-04-01,DR,Demand Response,DO,
2017-04-01,DR,Demand Response,PT,55489.0
2017-05-01,DR,Demand Response,DO,
2017-05-01,DR,Demand Response,PT,60631.0
2017-06-01,DR,Demand Response,DO,
2017-06-01,DR,Demand Response,PT,59389.0
2017-07-01,DR,Demand Response,DO,
2017-07-01,DR,Demand Response,PT,57236.0
2017-08-01,DR,Demand Response,DO,
2017-08-01,DR,Demand Response,PT,62779.0
2017-09-01,DR,Demand Response,DO,
2017-09-01,DR,Demand Response,PT,53123.0
2017-10-01,DR,Demand Response,DO,
2017-10-01,DR,Demand Response,PT,63624.0
2017-11-01,DR,Demand Response,DO,
2017-11-01,DR,Demand Response,PT,59601.0
2017-12-01,DR,Demand Response,DO,
2017-12-01,DR,Demand Response,PT,56454.0
2018-01-01,DR,Demand Response,DO,
2018-01-01,DR,Demand Response,PT,55810.0
2018-02-01,DR,Demand Response,DO,
2018-02-01,DR,Demand Response,PT,56738.0
2018-03-01,DR,Demand Response,DO,
2018-03-01,DR,Demand Response,PT,64629.0
2018-04-01,DR,Demand Response,DO,
2018-04-01,DR,Demand Response,PT,61786.0
2018-05-01,DR,Demand Response,DO,
2018-05-01,DR,Demand Response,PT,66214.0
2018-06-01,DR,Demand Response,DO,
2018-06-01,DR,Demand Response,PT,63648.0
2018-07-01,DR,Demand Response,DO,
2018-07-01,DR,Demand Response,PT,62749.0
2018-08-01,DR,Demand Response,DO,
2018-08-01,DR,Demand Response,PT,69497.0
2018-09-01,DR,Demand Response,DO,
2018-09-01,DR,Demand Response,PT,62288.0
2018-10-01,DR,Demand Response,DO,
2018-10-01,DR,Demand Response,PT,68688.0
2018-11-01,DR,Demand Response,DO,
2018-11-01,DR,Demand Response,PT,62078.0
2018-12-01,DR,Demand Response,DO,
2018-12-01,DR,Demand Response,PT,63535.0
2019-01-01,DR,Demand Response,DO,
2019-01-01,DR,Demand Response,PT,66723.0
2019-02-01,DR,Demand Response,DO,
2019-02-01,DR,Demand Response,PT,67465.0
2019-03-01,DR,Demand Response,DO,
2019-03-01,DR,Demand Response,PT,74075.0
2019-04-01,DR,Demand Response,DO,
2019-04-01,DR,Demand Response,PT,72358.0
2019-05-01,DR,Demand Response,DO,
2019-05-01,DR,Demand Response,PT,71489.0
2019-06-01,DR,Demand Response,DO,
2019-06-01,DR,Demand Response,PT,67937.0
2019-07-01,DR,Demand Response,DO,
2019-07-01,DR,Demand Response,PT,67495.0
2019-08-01,DR,Demand Response,DO,
2019-08-01,DR,Demand Response,PT,69581.0
2019-09-01,DR,Demand Response,DO,
2019-09-01,DR,Demand Response,PT,66344.0
2019-10-01,DR,Demand Response,DO,
2019-10-01,DR,Demand Response,PT,72663.0
2019-11-01,DR,Demand Response,DO,
2019-11-01,DR,Demand Response,PT,64533.0
2019-12-01,DR,Demand Response,DO,
2019-12-01,DR,Demand Response,PT,63912.0
2020-01-01,DR,Demand Response,DO,
2020-01-01,DR,Demand Response,PT,68433.0
2020-02-01,DR,Demand Response,DO,
2020-02-01,DR,Demand Response,PT,65285.0
2020-03-01,DR,Demand Response,DO,
2020-03-01,DR,Demand Response,PT,46240.0
2020-04-01,DR,Demand Response,DO,
2020-04-01,DR,Demand Response,PT,22593.0
2020-05-01,DR,Demand Response,DO,
2020-05-01,DR,Demand Response,PT,28651.0
2020-06-01,DR,Demand Response,DO,
2020-06-01,DR,Demand Response,PT,34236.0
2020-07-01,DR,Demand Response,DO,
2020-07-01,DR,Demand Response,PT,35701.0
2020-08-01,DR,Demand Response,DO,
2020-08-01,DR,Demand Response,PT,32461.0
2020-09-01,DR,Demand Response,DO,
2020-09-01,DR,Demand Response,PT,33117.0
2020-10-01,DR,Demand Response,DO,
2020-10-01,DR,Demand Response,PT,38495.0
2020-11-01,DR,Demand Response,DO,
2020-11-01,DR,Demand Response,PT,36392.0
2020-12-01,DR,Demand Response,DO,
2020-12-01,DR,Demand Response,PT,35691.0
2021-01-01,DR,Demand Response,DO,
2021-01-01,DR,Demand Response,PT,31714.0
2021-02-01,DR,Demand Response,DO,
2021-02-01,DR,Demand Response,PT,31624.0
2021-03-01,DR,Demand Response,DO,
2021-03-01,DR,Demand Response,PT,37076.0
2021-04-01,DR,Demand Response,DO,
2021-04-01,DR,Demand Response,PT,37763.0
2021-05-01,DR,Demand Response,DO,
2021-05-01,DR,Demand Response,PT,36922.0
2021-06-01,DR,Demand Response,DO,
2021-06-01,DR,Demand Response,PT,40579.0
2021-07-01,DR,Demand Response,DO,
2021-07-01,DR,Demand Response,PT,41251.0
2021-08-01,DR,Demand Response,DO,
2021-08-01,DR,Demand Response,PT,43140.0
2021-09-01,DR,Demand Response,DO,
2021-09-01,DR,Demand Response,PT,42091.0
2021-10-01,DR,Demand Response,DO,
2021-10-01,DR,Demand Response,PT,44452.0
2021-11-01,DR,Demand Response,DO,
2021-11-01,DR,Demand Response,PT,42683.0
2021-12-01,DR,Demand Response,DO,
2021-12-01,DR,Demand Response,PT,43266.0
2022-01-01,DR,Demand Response,DO,
2022-01-01,DR,Demand Response,PT,38459.0
2022-02-01,DR,Demand Response,DO,
2022-02-01,DR,Demand Response,PT,40836.0
2022-03-01,DR,Demand Response,DO,
2022-03-01,DR,Demand Response,PT,50266.0
2022-04-01,DR,Demand Response,DO,
2022-04-01,DR,Demand Response,PT,50126.0
2022-05-01,DR,Demand Response,DO,
2022-05-01,DR,Demand Response,PT,51018.0
2022-06-01,DR,Demand Response,DO,
2022-06-01,DR,Demand Response,PT,50374.0
2022-07-01,DR,Demand Response,DO,
2022-07-01,DR,Demand Response,PT,49692.0
2022-08-01,DR,Demand Response,DO,
2022-08-01,DR,Demand Response,PT,56436.0
2022-09-01,DR,Demand Response,DO,
2022-09-01,DR,Demand Response,PT,55813.0
2022-10-01,DR,Demand Response,DO,
2022-10-01,DR,Demand Response,PT,56700.0
2022-11-01,DR,Demand Response,DO,
2022-11-01,DR,Demand Response,PT,54109.0
2022-12-01,DR,Demand Response,DO,
2022-12-01,DR,Demand Response,PT,52283.0
2023-01-01,DR,Demand Response,DO,
2023-01-01,DR,Demand Response,PT,55519.0
2023-02-01,DR,Demand Response,DO,
2023-02-01,DR,Demand Response,PT,55547.0
2023-03-01,DR,Demand Response,DO,
2023-03-01,DR,Demand Response,PT,63938.0
2023-04-01,DR,Demand Response,DO,
2023-04-01,DR,Demand Response,PT,59448.0
2023-05-01,DR,Demand Response,DO,
2023-05-01,DR,Demand Response,PT,62774.0
2023-06-01,DR,Demand Response,DO,
2023-06-01,DR,Demand Response,PT,61628.0
2023-07-01,DR,Demand Response,DO,
2023-07-01,DR,Demand Response,PT,60802.0
2023-08-01,DR,Demand Response,DO,
2023-08-01,DR,Demand Response,PT,65358.0
2023-09-01,DR,Demand Response,DO,
2023-09-01,DR,Demand Response,PT,61048.0
2023-10-01,DR,Demand Response,DO,
2023-10-01,DR,Demand Response,PT,62504.0
2023-11-01,DR,Demand Response,DO,
2023-11-01,DR,Demand Response,PT,59528.0
2023-12-01,DR,Demand Response,DO,
2023-12-01,DR,Demand Response,PT,58134.0
2024-01-01,DR,Demand Response,DO,
2024-01-01,DR,Demand Response,PT,60685.0
2024-02-01,DR,Demand Response,DO,
2024-02-01,DR,Demand Response,PT,63107.0
2024-03-01,DR,Demand Response,DO,
2024-03-01,DR,Demand Response,PT,66988.0
2024-04-01,DR,Demand Response,DO,
2024-04-01,DR,Demand Response,PT,65782.0
2024-05-01,DR,Demand Response,DO,
2024-05-01,DR,Demand Response,PT,69146.0
2024-06-01,DR,Demand Response,DO,
2024-06-01,DR,Demand Response,PT,66015.0
2024-07-01,DR,Demand Response,DO,
2024-07-01,DR,Demand Response,PT,70054.0
2024-08-01,DR,Demand Response,DO,
2024-08-01,DR,Demand Response,PT,74404.0
2024-09-01,DR,Demand Response,DO,
2024-09-01,DR,Demand Response,PT,64214.0
2024-10-01,DR,Demand Response,DO,
2024-10-01,DR,Demand Response,PT,77840.0
2024-11-01,DR,Demand Response,DO,
2024-11-01,DR,Demand Response,PT,63796.0
2024-12-01,DR,Demand Response,DO,
2024-12-01,DR,Demand Response,PT,63307.0
2025-01-01,DR,Demand Response,DO,
2025-01-01,DR,Demand Response,PT,57014.0
2025-02-01,DR,Demand Response,DO,
2025-02-01,DR,Demand Response,PT,62053.0
2025-03-01,DR,Demand Response,DO,
2025-03-01,DR,Demand Response,PT,68161.0
2025-04-01,DR,Demand Response,DO,
2025-04-01,DR,Demand Response,PT,72358.0
2025-05-01,DR,Demand Response,DO,
2025-05-01,DR,Demand Response,PT,73763.0
2025-06-01,DR,Demand Response,DO,
2025-06-01,DR,Demand Response,PT,66594.0
2025-07-01,DR,Demand Response,DO,
2025-07-01,DR,Demand Response,PT,68494.0
2025-08-01,DR,Demand Response,DO,
2025-08-01,DR,Demand Response,PT,74786.0
2025-09-01,DR,Demand Response,DO,
2025-09-01,DR,Demand Response,PT,66775.0
2025-10-01,DR,Demand Response,DO,
2025-10-01,DR,Demand Response,PT,68554.0
2025-11-01,DR,Demand Response,DO,
2025-11-01,DR,Demand Response,PT,59683.0
2025-12-01,DR,Demand Response,DO,
2025-12-01,DR,Demand Response,PT,62732.0
2026-01-01,DR,Demand Response,DO,
2026-01-01,DR,Demand Response,PT,57602.0
2026-02-01,DR,Demand Response,DO,
2026-02-01,DR,Demand Response,PT,61687.0
2002-01-01,HR,Heavy Rail,DO,6767476.0
2002-02-01,HR,Heavy Rail,DO,6231858.0
2002-03-01,HR,Heavy Rail,DO,6672222.0
2002-04-01,HR,Heavy Rail,DO,6626629.0
2002-05-01,HR,Heavy Rail,DO,7014024.0
2002-06-01,HR,Heavy Rail,DO,6338135.0
2002-07-01,HR,Heavy Rail,DO,6707662.0
2002-08-01,HR,Heavy Rail,DO,6764336.0
2002-09-01,HR,Heavy Rail,DO,6208143.0
2002-10-01,HR,Heavy Rail,DO,7198159.0
2002-11-01,HR,Heavy Rail,DO,5793149.0
2002-12-01,HR,Heavy Rail,DO,5560006.0
2003-01-01,HR,Heavy Rail,DO,5515722.0
2003-02-01,HR,Heavy Rail,DO,5224149.0
2003-03-01,HR,Heavy Rail,DO,6034073.0
2003-04-01,HR,Heavy Rail,DO,5691136.0
2003-05-01,HR,Heavy Rail,DO,5840575.0
2003-06-01,HR,Heavy Rail,DO,5797586.0
2003-07-01,HR,Heavy Rail,DO,6056419.0
2003-08-01,HR,Heavy Rail,DO,5546309.0
2003-09-01,HR,Heavy Rail,DO,5858108.0
2003-10-01,HR,Heavy Rail,DO,6215903.0
2003-11-01,HR,Heavy Rail,DO,5443612.0
2003-12-01,HR,Heavy Rail,DO,5389577.0
2004-01-01,HR,Heavy Rail,DO,5715702.0
2004-02-01,HR,Heavy Rail,DO,4935564.0
2004-03-01,HR,Heavy Rail,DO,5942906.0
2004-04-01,HR,Heavy Rail,DO,5659755.0
2004-05-01,HR,Heavy Rail,DO,5532730.0
2004-06-01,HR,Heavy Rail,DO,6057393.0
2004-07-01,HR,Heavy Rail,DO,6230688.0
2004-08-01,HR,Heavy Rail,DO,6421516.0
2004-09-01,HR,Heavy Rail,DO,6016642.0
2004-10-01,HR,Heavy Rail,DO,6354015.0
2004-11-01,HR,Heavy Rail,DO,5895417.0
2004-12-01,HR,Heavy Rail,DO,5403231.0
2005-01-01,HR,Heavy Rail,DO,5602016.0
2005-02-01,HR,Heavy Rail,DO,5636840.0
2005-03-01,HR,Heavy Rail,DO,6276205.0
2005-04-01,HR,Heavy Rail,DO,5728639.0
2005-05-01,HR,Heavy Rail,DO,5614259.0
2005-06-01,HR,Heavy Rail,DO,5806103.0
2005-07-01,HR,Heavy Rail,DO,6047813.0
2005-08-01,HR,Heavy Rail,DO,6404428.0
2005-09-01,HR,Heavy Rail,DO,5792448.0
2005-10-01,HR,Heavy Rail,DO,6232155.0
2005-11-01,HR,Heavy Rail,DO,5465238.0
2005-12-01,HR,Heavy Rail,DO,5056625.0
2006-01-01,HR,Heavy Rail,DO,5684476.0
2006-02-01,HR,Heavy Rail,DO,5213284.0
2006-03-01,HR,Heavy Rail,DO,6065805.0
2006-04-01,HR,Heavy Rail,DO,5609006.0
2006-05-01,HR,Heavy Rail,DO,5652327.0
2006-06-01,HR,Heavy Rail,DO,5985422.0
2006-07-01,HR,Heavy Rail,DO,6693335.0
2006-08-01,HR,Heavy Rail,DO,6813964.0
2006-09-01,HR,Heavy Rail,DO,6600035.0
2006-10-01,HR,Heavy Rail,DO,6994082.0
2006-11-01,HR,Heavy Rail,DO,6308564.0
2006-12-01,HR,Heavy Rail,DO,6397025.0
2007-01-01,HR,Heavy Rail,DO,6761667.0
2007-02-01,HR,Heavy Rail,DO,6013863.0
2007-03-01,HR,Heavy Rail,DO,6478324.0
2007-04-01,HR,Heavy Rail,DO,6194823.0
2007-05-01,HR,Heavy Rail,DO,6183440.0
2007-06-01,HR,Heavy Rail,DO,6246765.0
2007-07-01,HR,Heavy Rail,DO,7279386.0
2007-08-01,HR,Heavy Rail,DO,7728670.0
2007-09-01,HR,Heavy Rail,DO,7192184.0
2007-10-01,HR,Heavy Rail,DO,7715716.0
2007-11-01,HR,Heavy Rail,DO,7081589.0
2007-12-01,HR,Heavy Rail,DO,6626983.0
2008-01-01,HR,Heavy Rail,DO,6788324.0
2008-02-01,HR,Heavy Rail,DO,6497325.0
2008-03-01,HR,Heavy Rail,DO,6809060.0
2008-04-01,HR,Heavy Rail,DO,7112463.0
2008-05-01,HR,Heavy Rail,DO,7162326.0
2008-06-01,HR,Heavy Rail,DO,7254243.0
2008-07-01,HR,Heavy Rail,DO,7841304.0
2008-08-01,HR,Heavy Rail,DO,7744197.0
2008-09-01,HR,Heavy Rail,DO,7791870.0
2008-10-01,HR,Heavy Rail,DO,7982627.0
2008-11-01,HR,Heavy Rail,DO,6565445.0
2008-12-01,HR,Heavy Rail,DO,6480777.0
2009-01-01,HR,Heavy Rail,DO,6535892.0
2009-02-01,HR,Heavy Rail,DO,6139050.0
2009-03-01,HR,Heavy Rail,DO,6706565.0
2009-04-01,HR,Heavy Rail,DO,6646152.0
2009-05-01,HR,Heavy Rail,DO,6295399.0
2009-06-01,HR,Heavy Rail,DO,6617213.0
2009-07-01,HR,Heavy Rail,DO,7024550.0
2009-08-01,HR,Heavy Rail,DO,6864739.0
2009-09-01,HR,Heavy Rail,DO,6930218.0
2009-10-01,HR,Heavy Rail,DO,7004619.0
2009-11-01,HR,Heavy Rail,DO,6230019.0
2009-12-01,HR,Heavy Rail,DO,6138686.0
2010-01-01,HR,Heavy Rail,DO,6018640.0
2010-02-01,HR,Heavy Rail,DO,5763582.0
2010-03-01,HR,Heavy Rail,DO,6509382.0
2010-04-01,HR,Heavy Rail,DO,6651817.0
2010-05-01,HR,Heavy Rail,DO,6139849.0
2010-06-01,HR,Heavy Rail,DO,6455905.0
2010-07-01,HR,Heavy Rail,DO,6898026.0
2010-08-01,HR,Heavy Rail,DO,6782576.0
2010-09-01,HR,Heavy Rail,DO,6910488.0
2010-10-01,HR,Heavy Rail,DO,6873967.0
2010-11-01,HR,Heavy Rail,DO,6239232.0
2010-12-01,HR,Heavy Rail,DO,5687292.0
2011-01-01,HR,Heavy Rail,DO,5422254.0
2011-02-01,HR,Heavy Rail,DO,5818002.0
2011-03-01,HR,Heavy Rail,DO,6542373.0
2011-04-01,HR,Heavy Rail,DO,6389606.0
2011-05-01,HR,Heavy Rail,DO,6231213.0
2011-06-01,HR,Heavy Rail,DO,6433453.0
2011-07-01,HR,Heavy Rail,DO,6344058.0
2011-08-01,HR,Heavy Rail,DO,6553178.0
2011-09-01,HR,Heavy Rail,DO,6744778.0
2011-10-01,HR,Heavy Rail,DO,6403176.0
2011-11-01,HR,Heavy Rail,DO,5776550.0
2011-12-01,HR,Heavy Rail,DO,5577570.0
2012-01-01,HR,Heavy Rail,DO,5888906.0
2012-02-01,HR,Heavy Rail,DO,5658572.0
2012-03-01,HR,Heavy Rail,DO,6229190.0
2012-04-01,HR,Heavy Rail,DO,5824980.0
2012-05-01,HR,Heavy Rail,DO,5914425.0
2012-06-01,HR,Heavy Rail,DO,5796104.0
2012-07-01,HR,Heavy Rail,DO,5800106.0
2012-08-01,HR,Heavy Rail,DO,6155902.0
2012-09-01,HR,Heavy Rail,DO,6017175.0
2012-10-01,HR,Heavy Rail,DO,6307471.0
2012-11-01,HR,Heavy Rail,DO,5637343.0
2012-12-01,HR,Heavy Rail,DO,5276202.0
2013-01-01,HR,Heavy Rail,DO,5945786.0
2013-02-01,HR,Heavy Rail,DO,5300088.0
2013-03-01,HR,Heavy Rail,DO,5627254.0
2013-04-01,HR,Heavy Rail,DO,6281881.0
2013-05-01,HR,Heavy Rail,DO,5670450.0
2013-06-01,HR,Heavy Rail,DO,5610243.0
2013-07-01,HR,Heavy Rail,DO,5928985.0
2013-08-01,HR,Heavy Rail,DO,6222245.0
2013-09-01,HR,Heavy Rail,DO,6021666.0
2013-10-01,HR,Heavy Rail,DO,6376001.0
2013-11-01,HR,Heavy Rail,DO,5527098.0
2013-12-01,HR,Heavy Rail,DO,5393689.0
2014-01-01,HR,Heavy Rail,DO,5110328.0
2014-02-01,HR,Heavy Rail,DO,4932412.0
2014-03-01,HR,Heavy Rail,DO,5775307.0
2014-04-01,HR,Heavy Rail,DO,5847783.0
2014-05-01,HR,Heavy Rail,DO,5919333.0
2014-06-01,HR,Heavy Rail,DO,5706723.0
2014-07-01,HR,Heavy Rail,DO,6795165.0
2014-08-01,HR,Heavy Rail,DO,6693561.0
2014-09-01,HR,Heavy Rail,DO,6576774.0
2014-10-01,HR,Heavy Rail,DO,6752721.0
2014-11-01,HR,Heavy Rail,DO,5548048.0
2014-12-01,HR,Heavy Rail,DO,5846495.0
2015-01-01,HR,Heavy Rail,DO,5715839.0
2015-02-01,HR,Heavy Rail,DO,5120518.0
2015-03-01,HR,Heavy Rail,DO,5854308.0
2015-04-01,HR,Heavy Rail,DO,5846948.0
2015-05-01,HR,Heavy Rail,DO,5894489.0
2015-06-01,HR,Heavy Rail,DO,5891644.0
2015-07-01,HR,Heavy Rail,DO,6798234.0
2015-08-01,HR,Heavy Rail,DO,6089823.0
2015-09-01,HR,Heavy Rail,DO,6582187.0
2015-10-01,HR,Heavy Rail,DO,6619000.0
2015-11-01,HR,Heavy Rail,DO,5797404.0
2015-12-01,HR,Heavy Rail,DO,5820177.0
2016-01-01,HR,Heavy Rail,DO,5535881.0
2016-02-01,HR,Heavy Rail,DO,5542038.0
2016-03-01,HR,Heavy Rail,DO,6021963.0
2016-04-01,HR,Heavy Rail,DO,5764273.0
2016-05-01,HR,Heavy Rail,DO,5772987.0
2016-06-01,HR,Heavy Rail,DO,5601359.0
2016-07-01,HR,Heavy Rail,DO,5616485.0
2016-08-01,HR,Heavy Rail,DO,5845684.0
2016-09-01,HR,Heavy Rail,DO,6218357.0
2016-10-01,HR,Heavy Rail,DO,6077625.0
2016-11-01,HR,Heavy Rail,DO,5414584.0
2016-12-01,HR,Heavy Rail,DO,5267459.0
2017-01-01,HR,Heavy Rail,DO,5683838.0
2017-02-01,HR,Heavy Rail,DO,5106027.0
2017-03-01,HR,Heavy Rail,DO,5804663.0
2017-04-01,HR,Heavy Rail,DO,5966544.0
2017-05-01,HR,Heavy Rail,DO,5773847.0
2017-06-01,HR,Heavy Rail,DO,5505747.0
2017-07-01,HR,Heavy Rail,DO,5351631.0
2017-08-01,HR,Heavy Rail,DO,5856089.0
2017-09-01,HR,Heavy Rail,DO,5793025.0
2017-10-01,HR,Heavy Rail,DO,6077671.0
2017-11-01,HR,Heavy Rail,DO,5428647.0
2017-12-01,HR,Heavy Rail,DO,5062642.0
2018-01-01,HR,Heavy Rail,DO,5035385.0
2018-02-01,HR,Heavy Rail,DO,4890710.0
2018-03-01,HR,Heavy Rail,DO,5559447.0
2018-04-01,HR,Heavy Rail,DO,5316632.0
2018-05-01,HR,Heavy Rail,DO,5399261.0
2018-06-01,HR,Heavy Rail,DO,5315490.0
2018-07-01,HR,Heavy Rail,DO,5478230.0
2018-08-01,HR,Heavy Rail,DO,6077477.0
2018-09-01,HR,Heavy Rail,DO,5688355.0
2018-10-01,HR,Heavy Rail,DO,6019463.0
2018-11-01,HR,Heavy Rail,DO,5257333.0
2018-12-01,HR,Heavy Rail,DO,4816218.0
2019-01-01,HR,Heavy Rail,DO,5157093.0
2019-02-01,HR,Heavy Rail,DO,5384950.0
2019-03-01,HR,Heavy Rail,DO,5290203.0
2019-04-01,HR,Heavy Rail,DO,5232852.0
2019-05-01,HR,Heavy Rail,DO,5719882.0
2019-06-01,HR,Heavy Rail,DO,5095269.0
2019-07-01,HR,Heavy Rail,DO,4980443.0
2019-08-01,HR,Heavy Rail,DO,5279691.0
2019-09-01,HR,Heavy Rail,DO,5100012.0
2019-10-01,HR,Heavy Rail,DO,5499729.0
2019-11-01,HR,Heavy Rail,DO,4609887.0
2019-12-01,HR,Heavy Rail,DO,4428131.0
2020-01-01,HR,Heavy Rail,DO,4664750.0
2020-02-01,HR,Heavy Rail,DO,4401906.0
2020-03-01,HR,Heavy Rail,DO,3002038.0
2020-04-01,HR,Heavy Rail,DO,993578.0
2020-05-01,HR,Heavy Rail,DO,1081891.0
2020-06-01,HR,Heavy Rail,DO,1260658.0
2020-07-01,HR,Heavy Rail,DO,1306684.0
2020-08-01,HR,Heavy Rail,DO,1306777.0
2020-09-01,HR,Heavy Rail,DO,1441747.0
2020-10-01,HR,Heavy Rail,DO,1619410.0
2020-11-01,HR,Heavy Rail,DO,1494700.0
2020-12-01,HR,Heavy Rail,DO,1482126.0
2021-01-01,HR,Heavy Rail,DO,1434957.0
2021-02-01,HR,Heavy Rail,DO,1363917.0
2021-03-01,HR,Heavy Rail,DO,1642106.0
2021-04-01,HR,Heavy Rail,DO,1719309.0
2021-05-01,HR,Heavy Rail,DO,1804393.0
2021-06-01,HR,Heavy Rail,DO,1917495.0
2021-07-01,HR,Heavy Rail,DO,2052277.0
2021-08-01,HR,Heavy Rail,DO,2120529.0
2021-09-01,HR,Heavy Rail,DO,2339669.0
2021-10-01,HR,Heavy Rail,DO,2359095.0
2021-11-01,HR,Heavy Rail,DO,2180431.0
2021-12-01,HR,Heavy Rail,DO,2054293.0
2022-01-01,HR,Heavy Rail,DO,1867907.0
2022-02-01,HR,Heavy Rail,DO,1909958.0
2022-03-01,HR,Heavy Rail,DO,2249435.0
2022-04-01,HR,Heavy Rail,DO,2315762.0
2022-05-01,HR,Heavy Rail,DO,2340546.0
2022-06-01,HR,Heavy Rail,DO,2289890.0
2022-07-01,HR,Heavy Rail,DO,2389586.0
2022-08-01,HR,Heavy Rail,DO,2574500.0
2022-09-01,HR,Heavy Rail,DO,2762152.0
2022-10-01,HR,Heavy Rail,DO,2743061.0
2022-11-01,HR,Heavy Rail,DO,2467782.0
2022-12-01,HR,Heavy Rail,DO,2290140.0
2023-01-01,HR,Heavy Rail,DO,2417589.0
2023-02-01,HR,Heavy Rail,DO,2304337.0
2023-03-01,HR,Heavy Rail,DO,2598694.0
2023-04-01,HR,Heavy Rail,DO,2660691.0
2023-05-01,HR,Heavy Rail,DO,2692450.0
2023-06-01,HR,Heavy Rail,DO,2494552.0
2023-07-01,HR,Heavy Rail,DO,2554350.0
2023-08-01,HR,Heavy Rail,DO,2829897.0
2023-09-01,HR,Heavy Rail,DO,2864892.0
2023-10-01,HR,Heavy Rail,DO,2968785.0
2023-11-01,HR,Heavy Rail,DO,2639099.0
2023-12-01,HR,Heavy Rail,DO,2517181.0
2024-01-01,HR,Heavy Rail,DO,2410510.0
2024-02-01,HR,Heavy Rail,DO,2380683.0
2024-03-01,HR,Heavy Rail,DO,2618192.0
2024-04-01,HR,Heavy Rail,DO,2395093.0
2024-05-01,HR,Heavy Rail,DO,2488926.0
2024-06-01,HR,Heavy Rail,DO,2459291.0
2024-07-01,HR,Heavy Rail,DO,2548993.0
2024-08-01,HR,Heavy Rail,DO,2604107.0
2024-09-01,HR,Heavy Rail,DO,2564829.0
2024-10-01,HR,Heavy Rail,DO,2839129.0
2024-11-01,HR,Heavy Rail,DO,2362681.0
2024-12-01,HR,Heavy Rail,DO,2275343.0
2025-01-01,HR,Heavy Rail,DO,2212396.0
2025-02-01,HR,Heavy Rail,DO,2344698.0
2025-03-01,HR,Heavy Rail,DO,2647815.0
2025-04-01,HR,Heavy Rail,DO,2723786.0
2025-05-01,HR,Heavy Rail,DO,2694505.0
2025-06-01,HR,Heavy Rail,DO,2555901.0
2025-07-01,HR,Heavy Rail,DO,2799280.0
2025-08-01,HR,Heavy Rail,DO,2716420.0
2025-09-01,HR,Heavy Rail,DO,2828705.0
2025-10-01,HR,Heavy Rail,DO,2924310.0
2025-11-01,HR,Heavy Rail,DO,2225351.0
2025-12-01,HR,Heavy Rail,DO,2118542.0
2026-01-01,HR,Heavy Rail,DO,3168639.0
2026-02-01,HR,Heavy Rail,DO,3447852.0
2002-01-01,MB,Bus,DO,6198411.0
2002-01-01,MB,Bus,PT,
2002-02-01,MB,Bus,DO,6361296.0
2002-02-01,MB,Bus,PT,
2002-03-01,MB,Bus,DO,6169576.0
2002-03-01,MB,Bus,PT,
2002-04-01,MB,Bus,DO,6269814.0
2002-04-01,MB,Bus,PT,
2002-05-01,MB,Bus,DO,6218632.0
2002-05-01,MB,Bus,PT,
2002-06-01,MB,Bus,DO,5563151.0
2002-06-01,MB,Bus,PT,
2002-07-01,MB,Bus,DO,5927260.0
2002-07-01,MB,Bus,PT,
2002-08-01,MB,Bus,DO,6344570.0
2002-08-01,MB,Bus,PT,
2002-09-01,MB,Bus,DO,5939076.0
2002-09-01,MB,Bus,PT,
2002-10-01,MB,Bus,DO,6109728.0
2002-10-01,MB,Bus,PT,
2002-11-01,MB,Bus,DO,5498560.0
2002-11-01,MB,Bus,PT,
2002-12-01,MB,Bus,DO,5682274.0
2002-12-01,MB,Bus,PT,
2003-01-01,MB,Bus,DO,5944843.0
2003-01-01,MB,Bus,PT,
2003-02-01,MB,Bus,DO,5461080.0
2003-02-01,MB,Bus,PT,
2003-03-01,MB,Bus,DO,5900209.0
2003-03-01,MB,Bus,PT,
2003-04-01,MB,Bus,DO,6100893.0
2003-04-01,MB,Bus,PT,
2003-05-01,MB,Bus,DO,5589135.0
2003-05-01,MB,Bus,PT,
2003-06-01,MB,Bus,DO,5824966.0
2003-06-01,MB,Bus,PT,
2003-07-01,MB,Bus,DO,5428790.0
2003-07-01,MB,Bus,PT,
2003-08-01,MB,Bus,DO,5518593.0
2003-08-01,MB,Bus,PT,
2003-09-01,MB,Bus,DO,6088652.0
2003-09-01,MB,Bus,PT,
2003-10-01,MB,Bus,DO,6360604.0
2003-10-01,MB,Bus,PT,
2003-11-01,MB,Bus,DO,5083762.0
2003-11-01,MB,Bus,PT,
2003-12-01,MB,Bus,DO,5502996.0
2003-12-01,MB,Bus,PT,
2004-01-01,MB,Bus,DO,5164541.0
2004-01-01,MB,Bus,PT,
2004-02-01,MB,Bus,DO,5224814.0
2004-02-01,MB,Bus,PT,
2004-03-01,MB,Bus,DO,5662195.0
2004-03-01,MB,Bus,PT,
2004-04-01,MB,Bus,DO,5737243.0
2004-04-01,MB,Bus,PT,
2004-05-01,MB,Bus,DO,5092599.0
2004-05-01,MB,Bus,PT,
2004-06-01,MB,Bus,DO,5556935.0
2004-06-01,MB,Bus,PT,
2004-07-01,MB,Bus,DO,5526123.0
2004-07-01,MB,Bus,PT,
2004-08-01,MB,Bus,DO,5974197.0
2004-08-01,MB,Bus,PT,
2004-09-01,MB,Bus,DO,5963458.0
2004-09-01,MB,Bus,PT,
2004-10-01,MB,Bus,DO,6187784.0
2004-10-01,MB,Bus,PT,
2004-11-01,MB,Bus,DO,5699594.0
2004-11-01,MB,Bus,PT,
2004-12-01,MB,Bus,DO,5621630.0
2004-12-01,MB,Bus,PT,
2005-01-01,MB,Bus,DO,5485155.0
2005-01-01,MB,Bus,PT,
2005-02-01,MB,Bus,DO,5970540.0
2005-02-01,MB,Bus,PT,
2005-03-01,MB,Bus,DO,6401824.0
2005-03-01,MB,Bus,PT,
2005-04-01,MB,Bus,DO,6294526.0
2005-04-01,MB,Bus,PT,
2005-05-01,MB,Bus,DO,5920455.0
2005-05-01,MB,Bus,PT,
2005-06-01,MB,Bus,DO,6023579.0
2005-06-01,MB,Bus,PT,
2005-07-01,MB,Bus,DO,5190402.0
2005-07-01,MB,Bus,PT,
2005-08-01,MB,Bus,DO,5847826.0
2005-08-01,MB,Bus,PT,
2005-09-01,MB,Bus,DO,6111447.0
2005-09-01,MB,Bus,PT,
2005-10-01,MB,Bus,DO,5989743.0
2005-10-01,MB,Bus,PT,
2005-11-01,MB,Bus,DO,5481976.0
2005-11-01,MB,Bus,PT,
2005-12-01,MB,Bus,DO,5428844.0
2005-12-01,MB,Bus,PT,
2006-01-01,MB,Bus,DO,5539186.0
2006-01-01,MB,Bus,PT,
2006-02-01,MB,Bus,DO,5571347.0
2006-02-01,MB,Bus,PT,
2006-03-01,MB,Bus,DO,6230212.0
2006-03-01,MB,Bus,PT,
2006-04-01,MB,Bus,DO,5618062.0
2006-04-01,MB,Bus,PT,
2006-05-01,MB,Bus,DO,5816621.0
2006-05-01,MB,Bus,PT,
2006-06-01,MB,Bus,DO,6004986.0
2006-06-01,MB,Bus,PT,
2006-07-01,MB,Bus,DO,5501959.0
2006-07-01,MB,Bus,PT,
2006-08-01,MB,Bus,DO,6103170.0
2006-08-01,MB,Bus,PT,
2006-09-01,MB,Bus,DO,5797247.0
2006-09-01,MB,Bus,PT,
2006-10-01,MB,Bus,DO,5895316.0
2006-10-01,MB,Bus,PT,
2006-11-01,MB,Bus,DO,5919083.0
2006-11-01,MB,Bus,PT,
2006-12-01,MB,Bus,DO,5549378.0
2006-12-01,MB,Bus,PT,
2007-01-01,MB,Bus,DO,6009143.0
2007-01-01,MB,Bus,PT,
2007-02-01,MB,Bus,DO,5318340.0
2007-02-01,MB,Bus,PT,
2007-03-01,MB,Bus,DO,5914122.0
2007-03-01,MB,Bus,PT,
2007-04-01,MB,Bus,DO,5773663.0
2007-04-01,MB,Bus,PT,
2007-05-01,MB,Bus,DO,5742112.0
2007-05-01,MB,Bus,PT,
2007-06-01,MB,Bus,DO,5941051.0
2007-06-01,MB,Bus,PT,
2007-07-01,MB,Bus,DO,5206605.0
2007-07-01,MB,Bus,PT,
2007-08-01,MB,Bus,DO,4810972.0
2007-08-01,MB,Bus,PT,
2007-09-01,MB,Bus,DO,5168429.0
2007-09-01,MB,Bus,PT,
2007-10-01,MB,Bus,DO,5408337.0
2007-10-01,MB,Bus,PT,
2007-11-01,MB,Bus,DO,4779943.0
2007-11-01,MB,Bus,PT,
2007-12-01,MB,Bus,DO,4904599.0
2007-12-01,MB,Bus,PT,
2008-01-01,MB,Bus,DO,5954800.0
2008-01-01,MB,Bus,PT,
2008-02-01,MB,Bus,DO,5590626.0
2008-02-01,MB,Bus,PT,
2008-03-01,MB,Bus,DO,5534962.0
2008-03-01,MB,Bus,PT,
2008-04-01,MB,Bus,DO,5649984.0
2008-04-01,MB,Bus,PT,
2008-05-01,MB,Bus,DO,6374108.0
2008-05-01,MB,Bus,PT,
2008-06-01,MB,Bus,DO,6122887.0
2008-06-01,MB,Bus,PT,
2008-07-01,MB,Bus,DO,6095591.0
2008-07-01,MB,Bus,PT,
2008-08-01,MB,Bus,DO,6152117.0
2008-08-01,MB,Bus,PT,
2008-09-01,MB,Bus,DO,6264361.0
2008-09-01,MB,Bus,PT,
2008-10-01,MB,Bus,DO,6765962.0
2008-10-01,MB,Bus,PT,
2008-11-01,MB,Bus,DO,5735511.0
2008-11-01,MB,Bus,PT,
2008-12-01,MB,Bus,DO,5834207.0
2008-12-01,MB,Bus,PT,
2009-01-01,MB,Bus,DO,5831633.0
2009-01-01,MB,Bus,PT,
2009-02-01,MB,Bus,DO,5595113.0
2009-02-01,MB,Bus,PT,
2009-03-01,MB,Bus,DO,6150614.0
2009-03-01,MB,Bus,PT,
2009-04-01,MB,Bus,DO,6010040.0
2009-04-01,MB,Bus,PT,
2009-05-01,MB,Bus,DO,5982106.0
2009-05-01,MB,Bus,PT,
2009-06-01,MB,Bus,DO,6299154.0
2009-06-01,MB,Bus,PT,
2009-07-01,MB,Bus,DO,5900979.0
2009-07-01,MB,Bus,PT,
2009-08-01,MB,Bus,DO,5834959.0
2009-08-01,MB,Bus,PT,
2009-09-01,MB,Bus,DO,5623770.0
2009-09-01,MB,Bus,PT,
2009-10-01,MB,Bus,DO,6086617.0
2009-10-01,MB,Bus,PT,
2009-11-01,MB,Bus,DO,5773265.0
2009-11-01,MB,Bus,PT,
2009-12-01,MB,Bus,DO,5541056.0
2009-12-01,MB,Bus,PT,
2010-01-01,MB,Bus,DO,5330981.0
2010-01-01,MB,Bus,PT,
2010-02-01,MB,Bus,DO,5243720.0
2010-02-01,MB,Bus,PT,
2010-03-01,MB,Bus,DO,5808973.0
2010-03-01,MB,Bus,PT,
2010-04-01,MB,Bus,DO,5656965.0
2010-04-01,MB,Bus,PT,
2010-05-01,MB,Bus,DO,5512994.0
2010-05-01,MB,Bus,PT,
2010-06-01,MB,Bus,DO,5694610.0
2010-06-01,MB,Bus,PT,
2010-07-01,MB,Bus,DO,5924498.0
2010-07-01,MB,Bus,PT,
2010-08-01,MB,Bus,DO,5978238.0
2010-08-01,MB,Bus,PT,
2010-09-01,MB,Bus,DO,5741716.0
2010-09-01,MB,Bus,PT,
2010-10-01,MB,Bus,DO,5417394.0
2010-10-01,MB,Bus,PT,
2010-11-01,MB,Bus,DO,4906157.0
2010-11-01,MB,Bus,PT,
2010-12-01,MB,Bus,DO,4688061.0
2010-12-01,MB,Bus,PT,
2011-01-01,MB,Bus,DO,3940313.0
2011-01-01,MB,Bus,PT,
2011-02-01,MB,Bus,DO,4737239.0
2011-02-01,MB,Bus,PT,
2011-03-01,MB,Bus,DO,5449725.0
2011-03-01,MB,Bus,PT,
2011-04-01,MB,Bus,DO,5241184.0
2011-04-01,MB,Bus,PT,
2011-05-01,MB,Bus,DO,5482437.0
2011-05-01,MB,Bus,PT,
2011-06-01,MB,Bus,DO,5597642.0
2011-06-01,MB,Bus,PT,
2011-07-01,MB,Bus,DO,5160353.0
2011-07-01,MB,Bus,PT,
2011-08-01,MB,Bus,DO,5724059.0
2011-08-01,MB,Bus,PT,
2011-09-01,MB,Bus,DO,5696145.0
2011-09-01,MB,Bus,PT,
2011-10-01,MB,Bus,DO,5374667.0
2011-10-01,MB,Bus,PT,
2011-11-01,MB,Bus,DO,4800547.0
2011-11-01,MB,Bus,PT,
2011-12-01,MB,Bus,DO,4784914.0
2011-12-01,MB,Bus,PT,
2012-01-01,MB,Bus,DO,4959955.0
2012-01-01,MB,Bus,PT,
2012-02-01,MB,Bus,DO,4944406.0
2012-02-01,MB,Bus,PT,
2012-03-01,MB,Bus,DO,5183456.0
2012-03-01,MB,Bus,PT,
2012-04-01,MB,Bus,DO,4947715.0
2012-04-01,MB,Bus,PT,
2012-05-01,MB,Bus,DO,5064337.0
2012-05-01,MB,Bus,PT,
2012-06-01,MB,Bus,DO,4956173.0
2012-06-01,MB,Bus,PT,
2012-07-01,MB,Bus,DO,4901399.0
2012-07-01,MB,Bus,PT,
2012-08-01,MB,Bus,DO,5283222.0
2012-08-01,MB,Bus,PT,
2012-09-01,MB,Bus,DO,5059553.0
2012-09-01,MB,Bus,PT,
2012-10-01,MB,Bus,DO,5399901.0
2012-10-01,MB,Bus,PT,
2012-11-01,MB,Bus,DO,4832403.0
2012-11-01,MB,Bus,PT,
2012-12-01,MB,Bus,DO,4510372.0
2012-12-01,MB,Bus,PT,
2013-01-01,MB,Bus,DO,5162366.0
2013-01-01,MB,Bus,PT,
2013-02-01,MB,Bus,DO,4602209.0
2013-02-01,MB,Bus,PT,
2013-03-01,MB,Bus,DO,4941374.0
2013-03-01,MB,Bus,PT,
2013-04-01,MB,Bus,DO,5193666.0
2013-04-01,MB,Bus,PT,
2013-05-01,MB,Bus,DO,4987805.0
2013-05-01,MB,Bus,PT,
2013-06-01,MB,Bus,DO,4815487.0
2013-06-01,MB,Bus,PT,
2013-07-01,MB,Bus,DO,4980132.0
2013-07-01,MB,Bus,PT,
2013-08-01,MB,Bus,DO,5428398.0
2013-08-01,MB,Bus,PT,
2013-09-01,MB,Bus,DO,5132654.0
2013-09-01,MB,Bus,PT,
2013-10-01,MB,Bus,DO,5488344.0
2013-10-01,MB,Bus,PT,
2013-11-01,MB,Bus,DO,4849500.0
2013-11-01,MB,Bus,PT,
2013-12-01,MB,Bus,DO,4710293.0
2013-12-01,MB,Bus,PT,
2014-01-01,MB,Bus,DO,4344344.0
2014-01-01,MB,Bus,PT,
2014-02-01,MB,Bus,DO,4267077.0
2014-02-01,MB,Bus,PT,
2014-03-01,MB,Bus,DO,5084566.0
2014-03-01,MB,Bus,PT,
2014-04-01,MB,Bus,DO,5004963.0
2014-04-01,MB,Bus,PT,
2014-05-01,MB,Bus,DO,5313834.0
2014-05-01,MB,Bus,PT,
2014-06-01,MB,Bus,DO,5173629.0
2014-06-01,MB,Bus,PT,
2014-07-01,MB,Bus,DO,5642810.0
2014-07-01,MB,Bus,PT,
2014-08-01,MB,Bus,DO,5687885.0
2014-08-01,MB,Bus,PT,
2014-09-01,MB,Bus,DO,5602131.0
2014-09-01,MB,Bus,PT,
2014-10-01,MB,Bus,DO,5867181.0
2014-10-01,MB,Bus,PT,
2014-11-01,MB,Bus,DO,4889675.0
2014-11-01,MB,Bus,PT,
2014-12-01,MB,Bus,DO,5085113.0
2014-12-01,MB,Bus,PT,
2015-01-01,MB,Bus,DO,4897115.0
2015-01-01,MB,Bus,PT,
2015-02-01,MB,Bus,DO,4456346.0
2015-02-01,MB,Bus,PT,
2015-03-01,MB,Bus,DO,5102225.0
2015-03-01,MB,Bus,PT,
2015-04-01,MB,Bus,DO,5420521.0
2015-04-01,MB,Bus,PT,
2015-05-01,MB,Bus,DO,5119483.0
2015-05-01,MB,Bus,PT,
2015-06-01,MB,Bus,DO,5098321.0
2015-06-01,MB,Bus,PT,
2015-07-01,MB,Bus,DO,5550905.0
2015-07-01,MB,Bus,PT,
2015-08-01,MB,Bus,DO,5405418.0
2015-08-01,MB,Bus,PT,
2015-09-01,MB,Bus,DO,5496264.0
2015-09-01,MB,Bus,PT,
2015-10-01,MB,Bus,DO,5472406.0
2015-10-01,MB,Bus,PT,
2015-11-01,MB,Bus,DO,5225450.0
2015-11-01,MB,Bus,PT,
2015-12-01,MB,Bus,DO,4777247.0
2015-12-01,MB,Bus,PT,
2016-01-01,MB,Bus,DO,4418737.0
2016-01-01,MB,Bus,PT,
2016-02-01,MB,Bus,DO,4704274.0
2016-02-01,MB,Bus,PT,
2016-03-01,MB,Bus,DO,5074601.0
2016-03-01,MB,Bus,PT,
2016-04-01,MB,Bus,DO,4846438.0
2016-04-01,MB,Bus,PT,
2016-05-01,MB,Bus,DO,4943887.0
2016-05-01,MB,Bus,PT,
2016-06-01,MB,Bus,DO,4863477.0
2016-06-01,MB,Bus,PT,
2016-07-01,MB,Bus,DO,4807879.0
2016-07-01,MB,Bus,PT,
2016-08-01,MB,Bus,DO,5146840.0
2016-08-01,MB,Bus,PT,
2016-09-01,MB,Bus,DO,5133611.0
2016-09-01,MB,Bus,PT,
2016-10-01,MB,Bus,DO,5196668.0
2016-10-01,MB,Bus,PT,
2016-11-01,MB,Bus,DO,4744580.0
2016-11-01,MB,Bus,PT,
2016-12-01,MB,Bus,DO,4533797.0
2016-12-01,MB,Bus,PT,
2017-01-01,MB,Bus,DO,4618466.0
2017-01-01,MB,Bus,PT,
2017-02-01,MB,Bus,DO,4295210.0
2017-02-01,MB,Bus,PT,
2017-03-01,MB,Bus,DO,4988634.0
2017-03-01,MB,Bus,PT,
2017-04-01,MB,Bus,DO,4701948.0
2017-04-01,MB,Bus,PT,
2017-05-01,MB,Bus,DO,4599343.0
2017-05-01,MB,Bus,PT,
2017-06-01,MB,Bus,DO,4693333.0
2017-06-01,MB,Bus,PT,
2017-07-01,MB,Bus,DO,4536189.0
2017-07-01,MB,Bus,PT,
2017-08-01,MB,Bus,DO,5023043.0
2017-08-01,MB,Bus,PT,
2017-09-01,MB,Bus,DO,4756789.0
2017-09-01,MB,Bus,PT,
2017-10-01,MB,Bus,DO,5148828.0
2017-10-01,MB,Bus,PT,
2017-11-01,MB,Bus,DO,4729396.0
2017-11-01,MB,Bus,PT,
2017-12-01,MB,Bus,DO,4225373.0
2017-12-01,MB,Bus,PT,
2018-01-01,MB,Bus,DO,4063108.0
2018-01-01,MB,Bus,PT,
2018-02-01,MB,Bus,DO,4291543.0
2018-02-01,MB,Bus,PT,
2018-03-01,MB,Bus,DO,4655922.0
2018-03-01,MB,Bus,PT,
2018-04-01,MB,Bus,DO,4508716.0
2018-04-01,MB,Bus,PT,
2018-05-01,MB,Bus,DO,4226087.0
2018-05-01,MB,Bus,PT,
2018-06-01,MB,Bus,DO,4189656.0
2018-06-01,MB,Bus,PT,
2018-07-01,MB,Bus,DO,4004718.0
2018-07-01,MB,Bus,PT,
2018-08-01,MB,Bus,DO,4445214.0
2018-08-01,MB,Bus,PT,
2018-09-01,MB,Bus,DO,3558677.0
2018-09-01,MB,Bus,PT,
2018-10-01,MB,Bus,DO,5362776.0
2018-10-01,MB,Bus,PT,
2018-11-01,MB,Bus,DO,3781036.0
2018-11-01,MB,Bus,PT,
2018-12-01,MB,Bus,DO,4806665.0
2018-12-01,MB,Bus,PT,
2019-01-01,MB,Bus,DO,4115728.0
2019-01-01,MB,Bus,PT,
2019-02-01,MB,Bus,DO,3901466.0
2019-02-01,MB,Bus,PT,
2019-03-01,MB,Bus,DO,4691721.0
2019-03-01,MB,Bus,PT,
2019-04-01,MB,Bus,DO,4330722.0
2019-04-01,MB,Bus,PT,
2019-05-01,MB,Bus,DO,3772621.0
2019-05-01,MB,Bus,PT,
2019-06-01,MB,Bus,DO,4676426.0
2019-06-01,MB,Bus,PT,
2019-07-01,MB,Bus,DO,4367498.0
2019-07-01,MB,Bus,PT,
2019-08-01,MB,Bus,DO,4688277.0
2019-08-01,MB,Bus,PT,
2019-09-01,MB,Bus,DO,3938387.0
2019-09-01,MB,Bus,PT,
2019-10-01,MB,Bus,DO,5145813.0
2019-10-01,MB,Bus,PT,
2019-11-01,MB,Bus,DO,4478794.0
2019-11-01,MB,Bus,PT,
2019-12-01,MB,Bus,DO,3780051.0
2019-12-01,MB,Bus,PT,
2020-01-01,MB,Bus,DO,4336952.0
2020-01-01,MB,Bus,PT,
2020-02-01,MB,Bus,DO,3741306.0
2020-02-01,MB,Bus,PT,
2020-03-01,MB,Bus,DO,3227703.0
2020-03-01,MB,Bus,PT,
2020-04-01,MB,Bus,DO,2236909.0
2020-04-01,MB,Bus,PT,
2020-05-01,MB,Bus,DO,2183036.0
2020-05-01,MB,Bus,PT,
2020-06-01,MB,Bus,DO,2513773.0
2020-06-01,MB,Bus,PT,
2020-07-01,MB,Bus,DO,2745857.0
2020-07-01,MB,Bus,PT,
2020-08-01,MB,Bus,DO,2938937.0
2020-08-01,MB,Bus,PT,
2020-09-01,MB,Bus,DO,2326696.0
2020-09-01,MB,Bus,PT,
2020-10-01,MB,Bus,DO,2229489.0
2020-10-01,MB,Bus,PT,
2020-11-01,MB,Bus,DO,2082324.0
2020-11-01,MB,Bus,PT,
2020-12-01,MB,Bus,DO,2028918.0
2020-12-01,MB,Bus,PT,
2021-01-01,MB,Bus,DO,2006334.0
2021-01-01,MB,Bus,PT,
2021-02-01,MB,Bus,DO,1976935.0
2021-02-01,MB,Bus,PT,
2021-03-01,MB,Bus,DO,2201811.0
2021-03-01,MB,Bus,PT,
2021-04-01,MB,Bus,DO,2184124.0
2021-04-01,MB,Bus,PT,
2021-05-01,MB,Bus,DO,2327893.0
2021-05-01,MB,Bus,PT,
2021-06-01,MB,Bus,DO,2297201.0
2021-06-01,MB,Bus,PT,
2021-07-01,MB,Bus,DO,1893010.0
2021-07-01,MB,Bus,PT,
2021-08-01,MB,Bus,DO,2114148.0
2021-08-01,MB,Bus,PT,
2021-09-01,MB,Bus,DO,1947774.0
2021-09-01,MB,Bus,PT,
2021-10-01,MB,Bus,DO,2028609.0
2021-10-01,MB,Bus,PT,
2021-11-01,MB,Bus,DO,2141455.0
2021-11-01,MB,Bus,PT,
2021-12-01,MB,Bus,DO,2025458.0
2021-12-01,MB,Bus,PT,
2022-01-01,MB,Bus,DO,1835143.0
2022-01-01,MB,Bus,PT,
2022-02-01,MB,Bus,DO,1841854.0
2022-02-01,MB,Bus,PT,
2022-03-01,MB,Bus,DO,2163160.0
2022-03-01,MB,Bus,PT,
2022-04-01,MB,Bus,DO,2172348.0
2022-04-01,MB,Bus,PT,
2022-05-01,MB,Bus,DO,2190472.0
2022-05-01,MB,Bus,PT,
2022-06-01,MB,Bus,DO,2320633.0
2022-06-01,MB,Bus,PT,
2022-07-01,MB,Bus,DO,2371182.0
2022-07-01,MB,Bus,PT,
2022-08-01,MB,Bus,DO,2625350.0
2022-08-01,MB,Bus,PT,
2022-09-01,MB,Bus,DO,2593737.0
2022-09-01,MB,Bus,PT,
2022-10-01,MB,Bus,DO,2629299.0
2022-10-01,MB,Bus,PT,
2022-11-01,MB,Bus,DO,2495408.0
2022-11-01,MB,Bus,PT,
2022-12-01,MB,Bus,DO,2462509.0
2022-12-01,MB,Bus,PT,
2023-01-01,MB,Bus,DO,2512784.0
2023-01-01,MB,Bus,PT,
2023-02-01,MB,Bus,DO,2417971.0
2023-02-01,MB,Bus,PT,
2023-03-01,MB,Bus,DO,2754120.0
2023-03-01,MB,Bus,PT,
2023-04-01,MB,Bus,DO,2607422.0
2023-04-01,MB,Bus,PT,
2023-05-01,MB,Bus,DO,2781900.0
2023-05-01,MB,Bus,PT,
2023-06-01,MB,Bus,DO,2627148.0
2023-06-01,MB,Bus,PT,
2023-07-01,MB,Bus,DO,2562548.0
2023-07-01,MB,Bus,PT,
2023-08-01,MB,Bus,DO,2851821.0
2023-08-01,MB,Bus,PT,
2023-09-01,MB,Bus,DO,2736700.0
2023-09-01,MB,Bus,PT,
2023-10-01,MB,Bus,DO,2914307.0
2023-10-01,MB,Bus,PT,
2023-11-01,MB,Bus,DO,2704025.0
2023-11-01,MB,Bus,PT,
2023-12-01,MB,Bus,DO,2651965.0
2023-12-01,MB,Bus,PT,
2024-01-01,MB,Bus,DO,2594379.0
2024-01-01,MB,Bus,PT,
2024-02-01,MB,Bus,DO,2652739.0
2024-02-01,MB,Bus,PT,
2024-03-01,MB,Bus,DO,2814587.0
2024-03-01,MB,Bus,PT,
2024-04-01,MB,Bus,DO,2867409.0
2024-04-01,MB,Bus,PT,192174.0
2024-05-01,MB,Bus,DO,2975585.0
2024-05-01,MB,Bus,PT,158752.0
2024-06-01,MB,Bus,DO,2740842.0
2024-06-01,MB,Bus,PT,
2024-07-01,MB,Bus,DO,3004887.0
2024-07-01,MB,Bus,PT,
2024-08-01,MB,Bus,DO,3230018.0
2024-08-01,MB,Bus,PT,
2024-09-01,MB,Bus,DO,2988693.0
2024-09-01,MB,Bus,PT,
2024-10-01,MB,Bus,DO,3335229.0
2024-10-01,MB,Bus,PT,
2024-11-01,MB,Bus,DO,2912577.0
2024-11-01,MB,Bus,PT,
2024-12-01,MB,Bus,DO,2794798.0
2024-12-01,MB,Bus,PT,
2025-01-01,MB,Bus,DO,2307979.0
2025-01-01,MB,Bus,PT,
2025-02-01,MB,Bus,DO,2624858.0
2025-02-01,MB,Bus,PT,
2025-03-01,MB,Bus,DO,2812208.0
2025-03-01,MB,Bus,PT,
2025-04-01,MB,Bus,DO,2910569.0
2025-04-01,MB,Bus,PT,
2025-05-01,MB,Bus,DO,2955439.0
2025-05-01,MB,Bus,PT,
2025-06-01,MB,Bus,DO,2836014.0
2025-06-01,MB,Bus,PT,
2025-07-01,MB,Bus,DO,2959584.0
2025-07-01,MB,Bus,PT,
2025-08-01,MB,Bus,DO,3084801.0
2025-08-01,MB,Bus,PT,
2025-09-01,MB,Bus,DO,2987740.0
2025-09-01,MB,Bus,PT,
2025-10-01,MB,Bus,DO,3248054.0
2025-10-01,MB,Bus,PT,
2025-11-01,MB,Bus,DO,2757952.0
2025-11-01,MB,Bus,PT,
2025-12-01,MB,Bus,DO,2810903.0
2025-12-01,MB,Bus,PT,
2026-01-01,MB,Bus,DO,2494366.0
2026-01-01,MB,Bus,PT,
2026-02-01,MB,Bus,DO,2485385.0
2026-02-01,MB,Bus,PT,
2002-01-01,SR,Streetcar,DO,
2002-02-01,SR,Streetcar,DO,
2002-03-01,SR,Streetcar,DO,
2002-04-01,SR,Streetcar,DO,
2002-05-01,SR,Streetcar,DO,
2002-06-01,SR,Streetcar,DO,
2002-07-01,SR,Streetcar,DO,
2002-08-01,SR,Streetcar,DO,
2002-09-01,SR,Streetcar,DO,
2002-10-01,SR,Streetcar,DO,
2002-11-01,SR,Streetcar,DO,
2002-12-01,SR,Streetcar,DO,
2003-01-01,SR,Streetcar,DO,
2003-02-01,SR,Streetcar,DO,
2003-03-01,SR,Streetcar,DO,
2003-04-01,SR,Streetcar,DO,
2003-05-01,SR,Streetcar,DO,
2003-06-01,SR,Streetcar,DO,
2003-07-01,SR,Streetcar,DO,
2003-08-01,SR,Streetcar,DO,
2003-09-01,SR,Streetcar,DO,
2003-10-01,SR,Streetcar,DO,
2003-11-01,SR,Streetcar,DO,
2003-12-01,SR,Streetcar,DO,
2004-01-01,SR,Streetcar,DO,
2004-02-01,SR,Streetcar,DO,
2004-03-01,SR,Streetcar,DO,
2004-04-01,SR,Streetcar,DO,
2004-05-01,SR,Streetcar,DO,
2004-06-01,SR,Streetcar,DO,
2004-07-01,SR,Streetcar,DO,
2004-08-01,SR,Streetcar,DO,
2004-09-01,SR,Streetcar,DO,
2004-10-01,SR,Streetcar,DO,
2004-11-01,SR,Streetcar,DO,
2004-12-01,SR,Streetcar,DO,
2005-01-01,SR,Streetcar,DO,
2005-02-01,SR,Streetcar,DO,
2005-03-01,SR,Streetcar,DO,
2005-04-01,SR,Streetcar,DO,
2005-05-01,SR,Streetcar,DO,
2005-06-01,SR,Streetcar,DO,
2005-07-01,SR,Streetcar,DO,
2005-08-01,SR,Streetcar,DO,
2005-09-01,SR,Streetcar,DO,
2005-10-01,SR,Streetcar,DO,
2005-11-01,SR,Streetcar,DO,
2005-12-01,SR,Streetcar,DO,
2006-01-01,SR,Streetcar,DO,
2006-02-01,SR,Streetcar,DO,
2006-03-01,SR,Streetcar,DO,
2006-04-01,SR,Streetcar,DO,
2006-05-01,SR,Streetcar,DO,
2006-06-01,SR,Streetcar,DO,
2006-07-01,SR,Streetcar,DO,
2006-08-01,SR,Streetcar,DO,
2006-09-01,SR,Streetcar,DO,
2006-10-01,SR,Streetcar,DO,
2006-11-01,SR,Streetcar,DO,
2006-12-01,SR,Streetcar,DO,
2007-01-01,SR,Streetcar,DO,
2007-02-01,SR,Streetcar,DO,
2007-03-01,SR,Streetcar,DO,
2007-04-01,SR,Streetcar,DO,
2007-05-01,SR,Streetcar,DO,
2007-06-01,SR,Streetcar,DO,
2007-07-01,SR,Streetcar,DO,
2007-08-01,SR,Streetcar,DO,
2007-09-01,SR,Streetcar,DO,
2007-10-01,SR,Streetcar,DO,
2007-11-01,SR,Streetcar,DO,
2007-12-01,SR,Streetcar,DO,
2008-01-01,SR,Streetcar,DO,
2008-02-01,SR,Streetcar,DO,
2008-03-01,SR,Streetcar,DO,
2008-04-01,SR,Streetcar,DO,
2008-05-01,SR,Streetcar,DO,
2008-06-01,SR,Streetcar,DO,
2008-07-01,SR,Streetcar,DO,
2008-08-01,SR,Streetcar,DO,
2008-09-01,SR,Streetcar,DO,
2008-10-01,SR,Streetcar,DO,
2008-11-01,SR,Streetcar,DO,
2008-12-01,SR,Streetcar,DO,
2009-01-01,SR,Streetcar,DO,
2009-02-01,SR,Streetcar,DO,
2009-03-01,SR,Streetcar,DO,
2009-04-01,SR,Streetcar,DO,
2009-05-01,SR,Streetcar,DO,
2009-06-01,SR,Streetcar,DO,
2009-07-01,SR,Streetcar,DO,
2009-08-01,SR,Streetcar,DO,
2009-09-01,SR,Streetcar,DO,
2009-10-01,SR,Streetcar,DO,
2009-11-01,SR,Streetcar,DO,
2009-12-01,SR,Streetcar,DO,
2010-01-01,SR,Streetcar,DO,
2010-02-01,SR,Streetcar,DO,
2010-03-01,SR,Streetcar,DO,
2010-04-01,SR,Streetcar,DO,
2010-05-01,SR,Streetcar,DO,
2010-06-01,SR,Streetcar,DO,
2010-07-01,SR,Streetcar,DO,
2010-08-01,SR,Streetcar,DO,
2010-09-01,SR,Streetcar,DO,
2010-10-01,SR,Streetcar,DO,
2010-11-01,SR,Streetcar,DO,
2010-12-01,SR,Streetcar,DO,
2011-01-01,SR,Streetcar,DO,
2011-02-01,SR,Streetcar,DO,
2011-03-01,SR,Streetcar,DO,
2011-04-01,SR,Streetcar,DO,
2011-05-01,SR,Streetcar,DO,
2011-06-01,SR,Streetcar,DO,
2011-07-01,SR,Streetcar,DO,
2011-08-01,SR,Streetcar,DO,
2011-09-01,SR,Streetcar,DO,
2011-10-01,SR,Streetcar,DO,
2011-11-01,SR,Streetcar,DO,
2011-12-01,SR,Streetcar,DO,
2012-01-01,SR,Streetcar,DO,
2012-02-01,SR,Streetcar,DO,
2012-03-01,SR,Streetcar,DO,
2012-04-01,SR,Streetcar,DO,
2012-05-01,SR,Streetcar,DO,
2012-06-01,SR,Streetcar,DO,
2012-07-01,SR,Streetcar,DO,
2012-08-01,SR,Streetcar,DO,
2012-09-01,SR,Streetcar,DO,
2012-10-01,SR,Streetcar,DO,
2012-11-01,SR,Streetcar,DO,
2012-12-01,SR,Streetcar,DO,
2013-01-01,SR,Streetcar,DO,
2013-02-01,SR,Streetcar,DO,
2013-03-01,SR,Streetcar,DO,
2013-04-01,SR,Streetcar,DO,
2013-05-01,SR,Streetcar,DO,
2013-06-01,SR,Streetcar,DO,
2013-07-01,SR,Streetcar,DO,
2013-08-01,SR,Streetcar,DO,
2013-09-01,SR,Streetcar,DO,
2013-10-01,SR,Streetcar,DO,
2013-11-01,SR,Streetcar,DO,
2013-12-01,SR,Streetcar,DO,
2014-01-01,SR,Streetcar,DO,
2014-02-01,SR,Streetcar,DO,
2014-03-01,SR,Streetcar,DO,
2014-04-01,SR,Streetcar,DO,
2014-05-01,SR,Streetcar,DO,
2014-06-01,SR,Streetcar,DO,
2014-07-01,SR,Streetcar,DO,
2014-08-01,SR,Streetcar,DO,
2014-09-01,SR,Streetcar,DO,
2014-10-01,SR,Streetcar,DO,
2014-11-01,SR,Streetcar,DO,
2014-12-01,SR,Streetcar,DO,
2015-01-01,SR,Streetcar,DO,
2015-02-01,SR,Streetcar,DO,
2015-03-01,SR,Streetcar,DO,
2015-04-01,SR,Streetcar,DO,
2015-05-01,SR,Streetcar,DO,
2015-06-01,SR,Streetcar,DO,
2015-07-01,SR,Streetcar,DO,
2015-08-01,SR,Streetcar,DO,
2015-09-01,SR,Streetcar,DO,
2015-10-01,SR,Streetcar,DO,
2015-11-01,SR,Streetcar,DO,
2015-12-01,SR,Streetcar,DO,
2016-01-01,SR,Streetcar,DO,
2016-02-01,SR,Streetcar,DO,
2016-03-01,SR,Streetcar,DO,
2016-04-01,SR,Streetcar,DO,
2016-05-01,SR,Streetcar,DO,
2016-06-01,SR,Streetcar,DO,
2016-07-01,SR,Streetcar,DO,
2016-08-01,SR,Streetcar,DO,
2016-09-01,SR,Streetcar,DO,
2016-10-01,SR,Streetcar,DO,
2016-11-01,SR,Streetcar,DO,
2016-12-01,SR,Streetcar,DO,
2017-01-01,SR,Streetcar,DO,
2017-02-01,SR,Streetcar,DO,
2017-03-01,SR,Streetcar,DO,
2017-04-01,SR,Streetcar,DO,
2017-05-01,SR,Streetcar,DO,
2017-06-01,SR,Streetcar,DO,
2017-07-01,SR,Streetcar,DO,
2017-08-01,SR,Streetcar,DO,
2017-09-01,SR,Streetcar,DO,
2017-10-01,SR,Streetcar,DO,
2017-11-01,SR,Streetcar,DO,
2017-12-01,SR,Streetcar,DO,
2018-01-01,SR,Streetcar,DO,
2018-02-01,SR,Streetcar,DO,
2018-03-01,SR,Streetcar,DO,
2018-04-01,SR,Streetcar,DO,
2018-05-01,SR,Streetcar,DO,
2018-06-01,SR,Streetcar,DO,
2018-07-01,SR,Streetcar,DO,32103.0
2018-08-01,SR,Streetcar,DO,22709.0
2018-09-01,SR,Streetcar,DO,18825.0
2018-10-01,SR,Streetcar,DO,22536.0
2018-11-01,SR,Streetcar,DO,21796.0
2018-12-01,SR,Streetcar,DO,16429.0
2019-01-01,SR,Streetcar,DO,23555.0
2019-02-01,SR,Streetcar,DO,27320.0
2019-03-01,SR,Streetcar,DO,29539.0
2019-04-01,SR,Streetcar,DO,29571.0
2019-05-01,SR,Streetcar,DO,23904.0
2019-06-01,SR,Streetcar,DO,16790.0
2019-07-01,SR,Streetcar,DO,36257.0
2019-08-01,SR,Streetcar,DO,32263.0
2019-09-01,SR,Streetcar,DO,25017.0
2019-10-01,SR,Streetcar,DO,16422.0
2019-11-01,SR,Streetcar,DO,18187.0
2019-12-01,SR,Streetcar,DO,19549.0
2020-01-01,SR,Streetcar,DO,16571.0
2020-02-01,SR,Streetcar,DO,19524.0
2020-03-01,SR,Streetcar,DO,20623.0
2020-04-01,SR,Streetcar,DO,2943.0
2020-05-01,SR,Streetcar,DO,4714.0
2020-06-01,SR,Streetcar,DO,4583.0
2020-07-01,SR,Streetcar,DO,5713.0
2020-08-01,SR,Streetcar,DO,6387.0
2020-09-01,SR,Streetcar,DO,6155.0
2020-10-01,SR,Streetcar,DO,6596.0
2020-11-01,SR,Streetcar,DO,5831.0
2020-12-01,SR,Streetcar,DO,5106.0
2021-01-01,SR,Streetcar,DO,5612.0
2021-02-01,SR,Streetcar,DO,5498.0
2021-03-01,SR,Streetcar,DO,7349.0
2021-04-01,SR,Streetcar,DO,9426.0
2021-05-01,SR,Streetcar,DO,10617.0
2021-06-01,SR,Streetcar,DO,11869.0
2021-07-01,SR,Streetcar,DO,14313.0
2021-08-01,SR,Streetcar,DO,10699.0
2021-09-01,SR,Streetcar,DO,10318.0
2021-10-01,SR,Streetcar,DO,9942.0
2021-11-01,SR,Streetcar,DO,9432.0
2021-12-01,SR,Streetcar,DO,9774.0
2022-01-01,SR,Streetcar,DO,7022.0
2022-02-01,SR,Streetcar,DO,10704.0
2022-03-01,SR,Streetcar,DO,12278.0
2022-04-01,SR,Streetcar,DO,13415.0
2022-05-01,SR,Streetcar,DO,14391.0
2022-06-01,SR,Streetcar,DO,15847.0
2022-07-01,SR,Streetcar,DO,18634.0
2022-08-01,SR,Streetcar,DO,16905.0
2022-09-01,SR,Streetcar,DO,16796.0
2022-10-01,SR,Streetcar,DO,16209.0
2022-11-01,SR,Streetcar,DO,13423.0
2022-12-01,SR,Streetcar,DO,0.0
2023-01-01,SR,Streetcar,DO,0.0
2023-02-01,SR,Streetcar,DO,0.0
2023-03-01,SR,Streetcar,DO,5876.0
2023-04-01,SR,Streetcar,DO,13231.0
2023-05-01,SR,Streetcar,DO,15068.0
2023-06-01,SR,Streetcar,DO,18644.0
2023-07-01,SR,Streetcar,DO,22306.0
2023-08-01,SR,Streetcar,DO,21829.0
2023-09-01,SR,Streetcar,DO,21736.0
2023-10-01,SR,Streetcar,DO,19983.0
2023-11-01,SR,Streetcar,DO,19043.0
2023-12-01,SR,Streetcar,DO,20323.0
2024-01-01,SR,Streetcar,DO,20186.0
2024-02-01,SR,Streetcar,DO,23498.0
2024-03-01,SR,Streetcar,DO,26374.0
2024-04-01,SR,Streetcar,DO,28132.0
2024-05-01,SR,Streetcar,DO,28990.0
2024-06-01,SR,Streetcar,DO,31136.0
2024-07-01,SR,Streetcar,DO,36371.0
2024-08-01,SR,Streetcar,DO,35195.0
2024-09-01,SR,Streetcar,DO,30049.0
2024-10-01,SR,Streetcar,DO,30718.0
2024-11-01,SR,Streetcar,DO,25823.0
2024-12-01,SR,Streetcar,DO,26316.0
2025-01-01,SR,Streetcar,DO,14254.0
2025-02-01,SR,Streetcar,DO,23210.0
2025-03-01,SR,Streetcar,DO,29399.0
2025-04-01,SR,Streetcar,DO,22435.0
2025-05-01,SR,Streetcar,DO,24753.0
2025-06-01,SR,Streetcar,DO,30249.0
2025-07-01,SR,Streetcar,DO,35285.0
2025-08-01,SR,Streetcar,DO,30414.0
2025-09-01,SR,Streetcar,DO,6967.0
2025-10-01,SR,Streetcar,DO,0.0
2025-11-01,SR,Streetcar,DO,0.0
2025-12-01,SR,Streetcar,DO,0.0
2026-01-01,SR,Streetcar,DO,0.0
2026-02-01,SR,Streetcar,DO,12559.0
