NAME,B08141_001E,B08141_002E,state,county,tract
Census Tract 201; DeKalb County; Georgia,1029,48,13,089,020100
Census Tract 202; DeKalb County; Georgia,1275,0,13,089,020200
Census Tract 203; DeKalb County; Georgia,2280,10,13,089,020300
Census Tract 204; DeKalb County; Georgia,1497,10,13,089,020400
Census Tract 205; DeKalb County; Georgia,2338,4,13,089,020500
Census Tract 206; DeKalb County; Georgia,1756,29,13,089,020600
Census Tract 207; DeKalb County; Georgia,1465,58,13,089,020700
Census Tract 208.01; DeKalb County; Georgia,1602,0,13,089,020801
Census Tract 208.02; DeKalb County; Georgia,2557,52,13,089,020802
Census Tract 209.01; DeKalb County; Georgia,1763,76,13,089,020901
Census Tract 209.02; DeKalb County; Georgia,1136,31,13,089,020902
Census Tract 211.01; DeKalb County; Georgia,2462,0,13,089,021101
Census Tract 211.03; DeKalb County; Georgia,2480,169,13,089,021103
Census Tract 211.04; DeKalb County; Georgia,1012,13,13,089,021104
Census Tract 212.04; DeKalb County; Georgia,1341,621,13,089,021204
Census Tract 212.08; DeKalb County; Georgia,3507,214,13,089,021208
Census Tract 212.10; DeKalb County; Georgia,2648,21,13,089,021210
Census Tract 212.11; DeKalb County; Georgia,2102,0,13,089,021211
Census Tract 212.13; DeKalb County; Georgia,1534,0,13,089,021213
Census Tract 212.17; DeKalb County; Georgia,1374,46,13,089,021217
Census Tract 212.19; DeKalb County; Georgia,2346,0,13,089,021219
Census Tract 212.20; DeKalb County; Georgia,1934,0,13,089,021220
Census Tract 212.21; DeKalb County; Georgia,1926,29,13,089,021221
Census Tract 212.22; DeKalb County; Georgia,2640,0,13,089,021222
Census Tract 212.23; DeKalb County; Georgia,678,37,13,089,021223
Census Tract 212.24; DeKalb County; Georgia,2788,13,13,089,021224
Census Tract 212.25; DeKalb County; Georgia,1645,29,13,089,021225
Census Tract 212.26; DeKalb County; Georgia,2655,189,13,089,021226
Census Tract 212.27; DeKalb County; Georgia,3251,19,13,089,021227
Census Tract 212.28; DeKalb County; Georgia,1681,0,13,089,021228
Census Tract 212.29; DeKalb County; Georgia,1528,7,13,089,021229
Census Tract 212.30; DeKalb County; Georgia,2336,43,13,089,021230
Census Tract 213.01; DeKalb County; Georgia,2071,99,13,089,021301
Census Tract 213.05; DeKalb County; Georgia,2945,166,13,089,021305
Census Tract 213.06; DeKalb County; Georgia,3461,182,13,089,021306
Census Tract 213.07; DeKalb County; Georgia,1756,71,13,089,021307
Census Tract 213.08; DeKalb County; Georgia,2325,291,13,089,021308
Census Tract 213.09; DeKalb County; Georgia,685,102,13,089,021309
Census Tract 213.10; DeKalb County; Georgia,2278,102,13,089,021310
Census Tract 214.05; DeKalb County; Georgia,3071,145,13,089,021405
Census Tract 214.09; DeKalb County; Georgia,1678,86,13,089,021409
Census Tract 214.10; DeKalb County; Georgia,3165,135,13,089,021410
Census Tract 214.11; DeKalb County; Georgia,2819,98,13,089,021411
Census Tract 214.12; DeKalb County; Georgia,2398,44,13,089,021412
Census Tract 214.15; DeKalb County; Georgia,2657,23,13,089,021415
Census Tract 214.16; DeKalb County; Georgia,1390,373,13,089,021416
Census Tract 214.17; DeKalb County; Georgia,2513,490,13,089,021417
Census Tract 214.18; DeKalb County; Georgia,1455,254,13,089,021418
Census Tract 214.19; DeKalb County; Georgia,1123,23,13,089,021419
Census Tract 214.20; DeKalb County; Georgia,829,7,13,089,021420
Census Tract 214.21; DeKalb County; Georgia,1193,96,13,089,021421
Census Tract 215.02; DeKalb County; Georgia,3058,82,13,089,021502
Census Tract 215.03; DeKalb County; Georgia,2280,150,13,089,021503
Census Tract 215.05; DeKalb County; Georgia,1982,101,13,089,021505
Census Tract 215.06; DeKalb County; Georgia,1744,58,13,089,021506
Census Tract 216.02; DeKalb County; Georgia,2164,81,13,089,021602
Census Tract 216.04; DeKalb County; Georgia,1648,8,13,089,021604
Census Tract 216.06; DeKalb County; Georgia,2207,0,13,089,021606
Census Tract 216.07; DeKalb County; Georgia,1139,42,13,089,021607
Census Tract 216.08; DeKalb County; Georgia,2411,0,13,089,021608
Census Tract 216.09; DeKalb County; Georgia,921,91,13,089,021609
Census Tract 217.03; DeKalb County; Georgia,1949,0,13,089,021703
Census Tract 217.07; DeKalb County; Georgia,1354,0,13,089,021707
Census Tract 217.08; DeKalb County; Georgia,1936,106,13,089,021708
Census Tract 217.09; DeKalb County; Georgia,1828,0,13,089,021709
Census Tract 217.10; DeKalb County; Georgia,1246,0,13,089,021710
Census Tract 217.11; DeKalb County; Georgia,1377,11,13,089,021711
Census Tract 217.12; DeKalb County; Georgia,1645,75,13,089,021712
Census Tract 218.08; DeKalb County; Georgia,2158,0,13,089,021808
Census Tract 218.12; DeKalb County; Georgia,1525,152,13,089,021812
Census Tract 218.13; DeKalb County; Georgia,1097,15,13,089,021813
Census Tract 218.15; DeKalb County; Georgia,2276,668,13,089,021815
Census Tract 218.16; DeKalb County; Georgia,1615,141,13,089,021816
Census Tract 218.17; DeKalb County; Georgia,1064,0,13,089,021817
Census Tract 218.18; DeKalb County; Georgia,2231,81,13,089,021818
Census Tract 218.19; DeKalb County; Georgia,1696,29,13,089,021819
Census Tract 218.20; DeKalb County; Georgia,1277,62,13,089,021820
Census Tract 218.21; DeKalb County; Georgia,1481,0,13,089,021821
Census Tract 218.22; DeKalb County; Georgia,2060,0,13,089,021822
Census Tract 218.23; DeKalb County; Georgia,1654,0,13,089,021823
Census Tract 218.24; DeKalb County; Georgia,1001,163,13,089,021824
Census Tract 219.06; DeKalb County; Georgia,2478,80,13,089,021906
Census Tract 219.08; DeKalb County; Georgia,2386,98,13,089,021908
Census Tract 219.10; DeKalb County; Georgia,3998,182,13,089,021910
Census Tract 219.11; DeKalb County; Georgia,1491,176,13,089,021911
Census Tract 219.12; DeKalb County; Georgia,1683,6,13,089,021912
Census Tract 219.13; DeKalb County; Georgia,1655,103,13,089,021913
Census Tract 219.14; DeKalb County; Georgia,2320,29,13,089,021914
Census Tract 219.15; DeKalb County; Georgia,2283,0,13,089,021915
Census Tract 219.16; DeKalb County; Georgia,1231,110,13,089,021916
Census Tract 219.17; DeKalb County; Georgia,1183,83,13,089,021917
Census Tract 220.01; DeKalb County; Georgia,2353,63,13,089,022001
Census Tract 220.05; DeKalb County; Georgia,2244,43,13,089,022005
Census Tract 220.07; DeKalb County; Georgia,1804,189,13,089,022007
Census Tract 220.10; DeKalb County; Georgia,966,133,13,089,022010
Census Tract 220.11; DeKalb County; Georgia,2155,271,13,089,022011
Census Tract 220.12; DeKalb County; Georgia,1492,203,13,089,022012
Census Tract 220.13; DeKalb County; Georgia,1228,69,13,089,022013
Census Tract 220.14; DeKalb County; Georgia,1255,37,13,089,022014
Census Tract 220.15; DeKalb County; Georgia,1199,34,13,089,022015
Census Tract 220.16; DeKalb County; Georgia,1593,38,13,089,022016
Census Tract 221; DeKalb County; Georgia,1672,201,13,089,022100
Census Tract 222.03; DeKalb County; Georgia,1474,223,13,089,022203
Census Tract 222.05; DeKalb County; Georgia,2045,104,13,089,022205
Census Tract 222.06; DeKalb County; Georgia,2004,0,13,089,022206
Census Tract 223.02; DeKalb County; Georgia,1866,28,13,089,022302
Census Tract 223.03; DeKalb County; Georgia,1992,40,13,089,022303
Census Tract 223.04; DeKalb County; Georgia,1774,169,13,089,022304
Census Tract 224.01; DeKalb County; Georgia,2164,29,13,089,022401
Census Tract 224.03; DeKalb County; Georgia,1840,0,13,089,022403
Census Tract 224.04; DeKalb County; Georgia,229,45,13,089,022404
Census Tract 224.05; DeKalb County; Georgia,684,17,13,089,022405
Census Tract 225.01; DeKalb County; Georgia,1976,37,13,089,022501
Census Tract 225.02; DeKalb County; Georgia,1250,18,13,089,022502
Census Tract 226.01; DeKalb County; Georgia,2251,33,13,089,022601
Census Tract 226.02; DeKalb County; Georgia,1206,34,13,089,022602
Census Tract 227; DeKalb County; Georgia,2400,7,13,089,022700
Census Tract 228; DeKalb County; Georgia,1757,0,13,089,022800
Census Tract 229; DeKalb County; Georgia,2881,27,13,089,022900
Census Tract 230; DeKalb County; Georgia,1166,54,13,089,023000
Census Tract 231.01; DeKalb County; Georgia,1954,94,13,089,023101
Census Tract 231.02; DeKalb County; Georgia,1347,163,13,089,023102
Census Tract 231.07; DeKalb County; Georgia,2575,82,13,089,023107
Census Tract 231.08; DeKalb County; Georgia,1434,66,13,089,023108
Census Tract 231.11; DeKalb County; Georgia,703,35,13,089,023111
Census Tract 231.12; DeKalb County; Georgia,2039,367,13,089,023112
Census Tract 231.13; DeKalb County; Georgia,2047,53,13,089,023113
Census Tract 231.14; DeKalb County; Georgia,1709,67,13,089,023114
Census Tract 231.15; DeKalb County; Georgia,0,0,13,089,023115
Census Tract 232.09; DeKalb County; Georgia,2872,0,13,089,023209
Census Tract 232.11; DeKalb County; Georgia,2144,88,13,089,023211
Census Tract 232.12; DeKalb County; Georgia,1774,108,13,089,023212
Census Tract 232.13; DeKalb County; Georgia,3156,18,13,089,023213
Census Tract 232.14; DeKalb County; Georgia,3298,221,13,089,023214
Census Tract 232.15; DeKalb County; Georgia,2156,221,13,089,023215
Census Tract 232.16; DeKalb County; Georgia,1666,36,13,089,023216
Census Tract 232.17; DeKalb County; Georgia,2084,96,13,089,023217
Census Tract 232.18; DeKalb County; Georgia,1318,128,13,089,023218
Census Tract 232.19; DeKalb County; Georgia,1761,0,13,089,023219
Census Tract 232.20; DeKalb County; Georgia,1950,39,13,089,023220
Census Tract 232.21; DeKalb County; Georgia,1423,13,13,089,023221
Census Tract 232.22; DeKalb County; Georgia,2064,14,13,089,023222
Census Tract 233.11; DeKalb County; Georgia,2301,0,13,089,023311
Census Tract 233.13; DeKalb County; Georgia,2700,161,13,089,023313
Census Tract 233.15; DeKalb County; Georgia,3232,0,13,089,023315
Census Tract 233.17; DeKalb County; Georgia,1908,750,13,089,023317
Census Tract 233.18; DeKalb County; Georgia,1728,97,13,089,023318
Census Tract 233.19; DeKalb County; Georgia,1248,221,13,089,023319
Census Tract 233.20; DeKalb County; Georgia,1827,99,13,089,023320
Census Tract 233.21; DeKalb County; Georgia,1657,611,13,089,023321
Census Tract 233.22; DeKalb County; Georgia,1139,57,13,089,023322
Census Tract 233.23; DeKalb County; Georgia,1827,0,13,089,023323
Census Tract 233.24; DeKalb County; Georgia,1773,43,13,089,023324
Census Tract 233.25; DeKalb County; Georgia,2893,24,13,089,023325
Census Tract 233.26; DeKalb County; Georgia,1910,0,13,089,023326
Census Tract 233.27; DeKalb County; Georgia,3011,0,13,089,023327
Census Tract 233.28; DeKalb County; Georgia,1749,76,13,089,023328
Census Tract 233.29; DeKalb County; Georgia,1936,60,13,089,023329
Census Tract 233.30; DeKalb County; Georgia,1252,16,13,089,023330
Census Tract 233.31; DeKalb County; Georgia,1189,128,13,089,023331
Census Tract 233.32; DeKalb County; Georgia,1492,0,13,089,023332
Census Tract 234.10; DeKalb County; Georgia,1629,122,13,089,023410
Census Tract 234.11; DeKalb County; Georgia,1302,201,13,089,023411
Census Tract 234.13; DeKalb County; Georgia,1589,124,13,089,023413
Census Tract 234.22; DeKalb County; Georgia,2717,35,13,089,023422
Census Tract 234.24; DeKalb County; Georgia,2656,0,13,089,023424
Census Tract 234.25; DeKalb County; Georgia,2555,0,13,089,023425
Census Tract 234.26; DeKalb County; Georgia,1826,0,13,089,023426
Census Tract 234.27; DeKalb County; Georgia,1335,14,13,089,023427
Census Tract 234.29; DeKalb County; Georgia,1706,9,13,089,023429
Census Tract 234.30; DeKalb County; Georgia,1817,30,13,089,023430
Census Tract 234.31; DeKalb County; Georgia,854,65,13,089,023431
Census Tract 234.32; DeKalb County; Georgia,1963,48,13,089,023432
Census Tract 234.33; DeKalb County; Georgia,2571,34,13,089,023433
Census Tract 234.34; DeKalb County; Georgia,2552,49,13,089,023434
Census Tract 234.35; DeKalb County; Georgia,1220,90,13,089,023435
Census Tract 234.36; DeKalb County; Georgia,1524,0,13,089,023436
Census Tract 234.37; DeKalb County; Georgia,3376,43,13,089,023437
Census Tract 234.38; DeKalb County; Georgia,2098,48,13,089,023438
Census Tract 234.39; DeKalb County; Georgia,1043,194,13,089,023439
Census Tract 234.40; DeKalb County; Georgia,3127,51,13,089,023440
Census Tract 234.41; DeKalb County; Georgia,1969,0,13,089,023441
Census Tract 234.42; DeKalb County; Georgia,1591,51,13,089,023442
Census Tract 234.43; DeKalb County; Georgia,3009,29,13,089,023443
Census Tract 234.44; DeKalb County; Georgia,989,29,13,089,023444
Census Tract 234.45; DeKalb County; Georgia,1532,0,13,089,023445
Census Tract 234.46; DeKalb County; Georgia,1076,3,13,089,023446
Census Tract 234.47; DeKalb County; Georgia,954,0,13,089,023447
Census Tract 234.48; DeKalb County; Georgia,1319,14,13,089,023448
Census Tract 235.01; DeKalb County; Georgia,1655,61,13,089,023501
Census Tract 235.04; DeKalb County; Georgia,1174,217,13,089,023504
Census Tract 235.05; DeKalb County; Georgia,1182,22,13,089,023505
Census Tract 235.06; DeKalb County; Georgia,2452,100,13,089,023506
Census Tract 235.07; DeKalb County; Georgia,1184,71,13,089,023507
Census Tract 236.01; DeKalb County; Georgia,1225,14,13,089,023601
Census Tract 236.02; DeKalb County; Georgia,842,35,13,089,023602
Census Tract 236.03; DeKalb County; Georgia,1307,7,13,089,023603
Census Tract 237.01; DeKalb County; Georgia,2002,244,13,089,023701
Census Tract 237.02; DeKalb County; Georgia,1523,65,13,089,023702
Census Tract 238.01; DeKalb County; Georgia,2992,31,13,089,023801
Census Tract 238.02; DeKalb County; Georgia,1297,66,13,089,023802
Census Tract 238.03; DeKalb County; Georgia,2463,107,13,089,023803
Census Tract 9800; DeKalb County; Georgia,0,0,13,089,980000
Census Tract 1; Fulton County; Georgia,2808,0,13,121,000100
Census Tract 2.01; Fulton County; Georgia,1401,0,13,121,000201
Census Tract 2.02; Fulton County; Georgia,2057,42,13,121,000202
Census Tract 4; Fulton County; Georgia,1171,12,13,121,000400
Census Tract 5.01; Fulton County; Georgia,4247,197,13,121,000501
Census Tract 5.02; Fulton County; Georgia,1375,10,13,121,000502
Census Tract 6.01; Fulton County; Georgia,3048,582,13,121,000601
Census Tract 6.02; Fulton County; Georgia,1965,250,13,121,000602
Census Tract 7; Fulton County; Georgia,609,0,13,121,000700
Census Tract 10.01; Fulton County; Georgia,3292,538,13,121,001001
Census Tract 10.02; Fulton County; Georgia,1031,215,13,121,001002
Census Tract 11.01; Fulton County; Georgia,2665,75,13,121,001101
Census Tract 11.02; Fulton County; Georgia,3055,211,13,121,001102
Census Tract 12.03; Fulton County; Georgia,2163,282,13,121,001203
Census Tract 12.04; Fulton County; Georgia,1881,163,13,121,001204
Census Tract 12.05; Fulton County; Georgia,1523,155,13,121,001205
Census Tract 12.06; Fulton County; Georgia,3056,547,13,121,001206
Census Tract 13.01; Fulton County; Georgia,1927,370,13,121,001301
Census Tract 13.02; Fulton County; Georgia,1311,104,13,121,001302
Census Tract 14; Fulton County; Georgia,1798,78,13,121,001400
Census Tract 15.01; Fulton County; Georgia,1642,53,13,121,001501
Census Tract 15.02; Fulton County; Georgia,1418,25,13,121,001502
Census Tract 16; Fulton County; Georgia,1912,77,13,121,001600
Census Tract 17.01; Fulton County; Georgia,1076,58,13,121,001701
Census Tract 17.02; Fulton County; Georgia,3039,41,13,121,001702
Census Tract 18.01; Fulton County; Georgia,1193,147,13,121,001801
Census Tract 18.02; Fulton County; Georgia,1524,140,13,121,001802
Census Tract 19.01; Fulton County; Georgia,163,0,13,121,001901
Census Tract 19.02; Fulton County; Georgia,1521,214,13,121,001902
Census Tract 21; Fulton County; Georgia,1983,139,13,121,002100
Census Tract 23; Fulton County; Georgia,421,17,13,121,002300
Census Tract 24; Fulton County; Georgia,1014,58,13,121,002400
Census Tract 25; Fulton County; Georgia,1050,349,13,121,002500
Census Tract 26; Fulton County; Georgia,414,123,13,121,002600
Census Tract 28.01; Fulton County; Georgia,936,77,13,121,002801
Census Tract 28.02; Fulton County; Georgia,477,44,13,121,002802
Census Tract 29; Fulton County; Georgia,1982,191,13,121,002900
Census Tract 30; Fulton County; Georgia,3252,225,13,121,003000
Census Tract 31; Fulton County; Georgia,1972,441,13,121,003100
Census Tract 32; Fulton County; Georgia,2465,81,13,121,003200
Census Tract 35; Fulton County; Georgia,1762,373,13,121,003500
Census Tract 36; Fulton County; Georgia,615,74,13,121,003600
Census Tract 37; Fulton County; Georgia,51,9,13,121,003700
Census Tract 38; Fulton County; Georgia,91,35,13,121,003800
Census Tract 39; Fulton County; Georgia,732,35,13,121,003900
Census Tract 40; Fulton County; Georgia,1497,31,13,121,004000
Census Tract 41; Fulton County; Georgia,1134,202,13,121,004100
Census Tract 42; Fulton County; Georgia,1084,315,13,121,004200
Census Tract 43; Fulton County; Georgia,712,119,13,121,004300
Census Tract 44; Fulton County; Georgia,864,183,13,121,004400
Census Tract 48; Fulton County; Georgia,550,47,13,121,004800
Census Tract 49; Fulton County; Georgia,2032,85,13,121,004900
Census Tract 50; Fulton County; Georgia,2865,47,13,121,005000
Census Tract 52; Fulton County; Georgia,3288,69,13,121,005200
Census Tract 53; Fulton County; Georgia,2480,48,13,121,005300
Census Tract 55.01; Fulton County; Georgia,1879,84,13,121,005501
Census Tract 55.03; Fulton County; Georgia,364,88,13,121,005503
Census Tract 55.04; Fulton County; Georgia,514,4,13,121,005504
Census Tract 57; Fulton County; Georgia,840,21,13,121,005700
Census Tract 58; Fulton County; Georgia,728,0,13,121,005800
Census Tract 60; Fulton County; Georgia,1546,82,13,121,006000
Census Tract 61; Fulton County; Georgia,1592,13,13,121,006100
Census Tract 62; Fulton County; Georgia,854,209,13,121,006200
Census Tract 63; Fulton County; Georgia,976,187,13,121,006300
Census Tract 64; Fulton County; Georgia,721,139,13,121,006400
Census Tract 65; Fulton County; Georgia,2192,56,13,121,006500
Census Tract 66.01; Fulton County; Georgia,910,94,13,121,006601
Census Tract 66.02; Fulton County; Georgia,391,48,13,121,006602
Census Tract 67.01; Fulton County; Georgia,1187,32,13,121,006701
Census Tract 67.02; Fulton County; Georgia,814,79,13,121,006702
Census Tract 68.01; Fulton County; Georgia,0,0,13,121,006801
Census Tract 68.02; Fulton County; Georgia,258,198,13,121,006802
Census Tract 69; Fulton County; Georgia,2485,111,13,121,006900
Census Tract 70.01; Fulton County; Georgia,1671,342,13,121,007001
Census Tract 70.02; Fulton County; Georgia,1388,0,13,121,007002
Census Tract 71; Fulton County; Georgia,724,31,13,121,007100
Census Tract 72; Fulton County; Georgia,662,0,13,121,007200
Census Tract 73.01; Fulton County; Georgia,2398,48,13,121,007301
Census Tract 73.02; Fulton County; Georgia,968,277,13,121,007302
Census Tract 74; Fulton County; Georgia,896,181,13,121,007400
Census Tract 75; Fulton County; Georgia,869,90,13,121,007500
Census Tract 76.02; Fulton County; Georgia,838,129,13,121,007602
Census Tract 76.03; Fulton County; Georgia,1281,80,13,121,007603
Census Tract 76.04; Fulton County; Georgia,1428,160,13,121,007604
Census Tract 77.03; Fulton County; Georgia,1795,113,13,121,007703
Census Tract 77.05; Fulton County; Georgia,1480,128,13,121,007705
Census Tract 77.07; Fulton County; Georgia,1283,22,13,121,007707
Census Tract 77.08; Fulton County; Georgia,1502,251,13,121,007708
Census Tract 77.09; Fulton County; Georgia,2009,163,13,121,007709
Census Tract 77.10; Fulton County; Georgia,937,55,13,121,007710
Census Tract 77.11; Fulton County; Georgia,1389,33,13,121,007711
Census Tract 78.05; Fulton County; Georgia,2115,668,13,121,007805
Census Tract 78.06; Fulton County; Georgia,2396,276,13,121,007806
Census Tract 78.07; Fulton County; Georgia,1173,504,13,121,007807
Census Tract 78.08; Fulton County; Georgia,896,288,13,121,007808
Census Tract 78.09; Fulton County; Georgia,2088,35,13,121,007809
Census Tract 78.10; Fulton County; Georgia,1705,28,13,121,007810
Census Tract 79; Fulton County; Georgia,2693,104,13,121,007900
Census Tract 80; Fulton County; Georgia,2609,153,13,121,008000
Census Tract 81.03; Fulton County; Georgia,1586,250,13,121,008103
Census Tract 81.04; Fulton County; Georgia,957,0,13,121,008104
Census Tract 82.02; Fulton County; Georgia,910,85,13,121,008202
Census Tract 82.03; Fulton County; Georgia,1011,0,13,121,008203
Census Tract 82.04; Fulton County; Georgia,749,21,13,121,008204
Census Tract 83.01; Fulton County; Georgia,1867,147,13,121,008301
Census Tract 83.02; Fulton County; Georgia,572,96,13,121,008302
Census Tract 84; Fulton County; Georgia,1147,117,13,121,008400
Census Tract 85; Fulton County; Georgia,1369,0,13,121,008500
Census Tract 86.01; Fulton County; Georgia,1207,400,13,121,008601
Census Tract 86.02; Fulton County; Georgia,708,90,13,121,008602
Census Tract 87.01; Fulton County; Georgia,1268,257,13,121,008701
Census Tract 87.02; Fulton County; Georgia,1104,0,13,121,008702
Census Tract 88.01; Fulton County; Georgia,1410,0,13,121,008801
Census Tract 88.02; Fulton County; Georgia,1946,64,13,121,008802
Census Tract 89.03; Fulton County; Georgia,2574,57,13,121,008903
Census Tract 89.05; Fulton County; Georgia,4587,212,13,121,008905
Census Tract 89.06; Fulton County; Georgia,1239,229,13,121,008906
Census Tract 89.07; Fulton County; Georgia,1828,52,13,121,008907
Census Tract 89.08; Fulton County; Georgia,1533,189,13,121,008908
Census Tract 89.09; Fulton County; Georgia,942,0,13,121,008909
Census Tract 90.01; Fulton County; Georgia,1396,55,13,121,009001
Census Tract 90.02; Fulton County; Georgia,1483,0,13,121,009002
Census Tract 91.03; Fulton County; Georgia,2464,108,13,121,009103
Census Tract 91.04; Fulton County; Georgia,2259,26,13,121,009104
Census Tract 91.05; Fulton County; Georgia,581,0,13,121,009105
Census Tract 91.06; Fulton County; Georgia,1933,80,13,121,009106
Census Tract 92.01; Fulton County; Georgia,1182,206,13,121,009201
Census Tract 92.02; Fulton County; Georgia,1855,28,13,121,009202
Census Tract 92.03; Fulton County; Georgia,1973,99,13,121,009203
Census Tract 93.01; Fulton County; Georgia,1978,56,13,121,009301
Census Tract 93.02; Fulton County; Georgia,1437,65,13,121,009302
Census Tract 94.05; Fulton County; Georgia,2645,435,13,121,009405
Census Tract 94.06; Fulton County; Georgia,1566,225,13,121,009406
Census Tract 94.07; Fulton County; Georgia,983,13,13,121,009407
Census Tract 94.08; Fulton County; Georgia,1007,42,13,121,009408
Census Tract 94.09; Fulton County; Georgia,1132,185,13,121,009409
Census Tract 94.10; Fulton County; Georgia,1808,82,13,121,009410
Census Tract 94.11; Fulton County; Georgia,1505,0,13,121,009411
Census Tract 95.01; Fulton County; Georgia,1553,61,13,121,009501
Census Tract 95.03; Fulton County; Georgia,736,75,13,121,009503
Census Tract 95.04; Fulton County; Georgia,2050,57,13,121,009504
Census Tract 96.01; Fulton County; Georgia,2016,103,13,121,009601
Census Tract 96.04; Fulton County; Georgia,2439,59,13,121,009604
Census Tract 96.05; Fulton County; Georgia,2007,118,13,121,009605
Census Tract 96.06; Fulton County; Georgia,808,18,13,121,009606
Census Tract 96.07; Fulton County; Georgia,2696,200,13,121,009607
Census Tract 97; Fulton County; Georgia,2055,0,13,121,009700
Census Tract 98.02; Fulton County; Georgia,2106,17,13,121,009802
Census Tract 98.03; Fulton County; Georgia,1759,55,13,121,009803
Census Tract 98.04; Fulton County; Georgia,1169,0,13,121,009804
Census Tract 99; Fulton County; Georgia,2400,0,13,121,009900
Census Tract 100.03; Fulton County; Georgia,3150,90,13,121,010003
Census Tract 100.04; Fulton County; Georgia,1550,0,13,121,010004
Census Tract 100.05; Fulton County; Georgia,1616,0,13,121,010005
Census Tract 100.06; Fulton County; Georgia,2723,142,13,121,010006
Census Tract 100.07; Fulton County; Georgia,846,0,13,121,010007
Census Tract 101.06; Fulton County; Georgia,2015,11,13,121,010106
Census Tract 101.07; Fulton County; Georgia,900,9,13,121,010107
Census Tract 101.08; Fulton County; Georgia,2182,14,13,121,010108
Census Tract 101.15; Fulton County; Georgia,1512,0,13,121,010115
Census Tract 101.17; Fulton County; Georgia,2769,237,13,121,010117
Census Tract 101.20; Fulton County; Georgia,2190,89,13,121,010120
Census Tract 101.21; Fulton County; Georgia,1403,51,13,121,010121
Census Tract 101.24; Fulton County; Georgia,1455,20,13,121,010124
Census Tract 101.25; Fulton County; Georgia,2049,194,13,121,010125
Census Tract 101.26; Fulton County; Georgia,1318,72,13,121,010126
Census Tract 101.27; Fulton County; Georgia,1655,6,13,121,010127
Census Tract 101.28; Fulton County; Georgia,1268,0,13,121,010128
Census Tract 101.29; Fulton County; Georgia,2780,0,13,121,010129
Census Tract 101.30; Fulton County; Georgia,2602,414,13,121,010130
Census Tract 101.31; Fulton County; Georgia,1333,108,13,121,010131
Census Tract 101.32; Fulton County; Georgia,2190,144,13,121,010132
Census Tract 101.33; Fulton County; Georgia,3369,51,13,121,010133
Census Tract 101.34; Fulton County; Georgia,1386,91,13,121,010134
Census Tract 101.35; Fulton County; Georgia,1145,106,13,121,010135
Census Tract 101.36; Fulton County; Georgia,2344,24,13,121,010136
Census Tract 101.37; Fulton County; Georgia,2199,85,13,121,010137
Census Tract 102.04; Fulton County; Georgia,2046,27,13,121,010204
Census Tract 102.11; Fulton County; Georgia,1998,0,13,121,010211
Census Tract 102.12; Fulton County; Georgia,3048,33,13,121,010212
Census Tract 102.13; Fulton County; Georgia,521,9,13,121,010213
Census Tract 102.14; Fulton County; Georgia,1013,198,13,121,010214
Census Tract 102.15; Fulton County; Georgia,1076,46,13,121,010215
Census Tract 102.16; Fulton County; Georgia,1849,70,13,121,010216
Census Tract 102.17; Fulton County; Georgia,1627,75,13,121,010217
Census Tract 102.18; Fulton County; Georgia,1269,0,13,121,010218
Census Tract 102.19; Fulton County; Georgia,1676,13,13,121,010219
Census Tract 102.20; Fulton County; Georgia,2243,180,13,121,010220
Census Tract 102.21; Fulton County; Georgia,1178,52,13,121,010221
Census Tract 102.22; Fulton County; Georgia,1480,16,13,121,010222
Census Tract 102.23; Fulton County; Georgia,1575,0,13,121,010223
Census Tract 103.05; Fulton County; Georgia,1966,54,13,121,010305
Census Tract 103.06; Fulton County; Georgia,2134,0,13,121,010306
Census Tract 103.07; Fulton County; Georgia,2465,0,13,121,010307
Census Tract 103.08; Fulton County; Georgia,2755,0,13,121,010308
Census Tract 103.09; Fulton County; Georgia,2370,9,13,121,010309
Census Tract 103.10; Fulton County; Georgia,2996,42,13,121,010310
Census Tract 103.11; Fulton County; Georgia,2741,0,13,121,010311
Census Tract 103.12; Fulton County; Georgia,1328,0,13,121,010312
Census Tract 103.13; Fulton County; Georgia,1645,0,13,121,010313
Census Tract 103.14; Fulton County; Georgia,1418,7,13,121,010314
Census Tract 103.15; Fulton County; Georgia,2419,127,13,121,010315
Census Tract 104.01; Fulton County; Georgia,2499,76,13,121,010401
Census Tract 104.02; Fulton County; Georgia,1834,0,13,121,010402
Census Tract 105.08; Fulton County; Georgia,1376,20,13,121,010508
Census Tract 105.17; Fulton County; Georgia,2254,107,13,121,010517
Census Tract 105.18; Fulton County; Georgia,1833,7,13,121,010518
Census Tract 105.19; Fulton County; Georgia,2328,128,13,121,010519
Census Tract 105.20; Fulton County; Georgia,3069,0,13,121,010520
Census Tract 105.21; Fulton County; Georgia,870,18,13,121,010521
Census Tract 105.22; Fulton County; Georgia,2497,212,13,121,010522
Census Tract 105.23; Fulton County; Georgia,865,92,13,121,010523
Census Tract 105.24; Fulton County; Georgia,2275,297,13,121,010524
Census Tract 105.25; Fulton County; Georgia,1247,78,13,121,010525
Census Tract 105.26; Fulton County; Georgia,3626,94,13,121,010526
Census Tract 105.27; Fulton County; Georgia,3148,0,13,121,010527
Census Tract 105.28; Fulton County; Georgia,1798,39,13,121,010528
Census Tract 105.29; Fulton County; Georgia,4111,162,13,121,010529
Census Tract 105.30; Fulton County; Georgia,1267,103,13,121,010530
Census Tract 105.31; Fulton County; Georgia,1274,0,13,121,010531
Census Tract 105.32; Fulton County; Georgia,1232,0,13,121,010532
Census Tract 105.33; Fulton County; Georgia,1224,61,13,121,010533
Census Tract 105.34; Fulton County; Georgia,2452,105,13,121,010534
Census Tract 105.35; Fulton County; Georgia,1636,17,13,121,010535
Census Tract 105.36; Fulton County; Georgia,1887,14,13,121,010536
Census Tract 105.37; Fulton County; Georgia,1768,0,13,121,010537
Census Tract 105.38; Fulton County; Georgia,1604,0,13,121,010538
Census Tract 105.39; Fulton County; Georgia,1516,20,13,121,010539
Census Tract 105.40; Fulton County; Georgia,2572,50,13,121,010540
Census Tract 106.01; Fulton County; Georgia,1431,127,13,121,010601
Census Tract 106.03; Fulton County; Georgia,1164,173,13,121,010603
Census Tract 106.04; Fulton County; Georgia,1084,313,13,121,010604
Census Tract 108.01; Fulton County; Georgia,1155,52,13,121,010801
Census Tract 108.02; Fulton County; Georgia,2552,87,13,121,010802
Census Tract 110; Fulton County; Georgia,1033,128,13,121,011000
Census Tract 111; Fulton County; Georgia,1557,36,13,121,011100
Census Tract 112.02; Fulton County; Georgia,2334,128,13,121,011202
Census Tract 112.03; Fulton County; Georgia,1266,16,13,121,011203
Census Tract 112.04; Fulton County; Georgia,952,68,13,121,011204
Census Tract 113.01; Fulton County; Georgia,2306,116,13,121,011301
Census Tract 113.06; Fulton County; Georgia,1627,0,13,121,011306
Census Tract 113.07; Fulton County; Georgia,2384,455,13,121,011307
Census Tract 113.08; Fulton County; Georgia,725,325,13,121,011308
Census Tract 113.09; Fulton County; Georgia,1970,138,13,121,011309
Census Tract 113.10; Fulton County; Georgia,2459,193,13,121,011310
Census Tract 114.16; Fulton County; Georgia,3070,39,13,121,011416
Census Tract 114.17; Fulton County; Georgia,2211,227,13,121,011417
Census Tract 114.19; Fulton County; Georgia,3163,0,13,121,011419
Census Tract 114.21; Fulton County; Georgia,2883,40,13,121,011421
Census Tract 114.22; Fulton County; Georgia,2041,0,13,121,011422
Census Tract 114.23; Fulton County; Georgia,3347,0,13,121,011423
Census Tract 114.24; Fulton County; Georgia,2524,99,13,121,011424
Census Tract 114.26; Fulton County; Georgia,1457,7,13,121,011426
Census Tract 114.28; Fulton County; Georgia,1097,0,13,121,011428
Census Tract 114.29; Fulton County; Georgia,2874,76,13,121,011429
Census Tract 114.30; Fulton County; Georgia,2121,202,13,121,011430
Census Tract 114.31; Fulton County; Georgia,1666,0,13,121,011431
Census Tract 114.32; Fulton County; Georgia,2900,44,13,121,011432
Census Tract 114.33; Fulton County; Georgia,1427,21,13,121,011433
Census Tract 114.34; Fulton County; Georgia,2143,20,13,121,011434
Census Tract 114.35; Fulton County; Georgia,2136,26,13,121,011435
Census Tract 114.36; Fulton County; Georgia,1582,0,13,121,011436
Census Tract 114.37; Fulton County; Georgia,1282,0,13,121,011437
Census Tract 114.38; Fulton County; Georgia,3475,29,13,121,011438
Census Tract 114.39; Fulton County; Georgia,2023,135,13,121,011439
Census Tract 114.40; Fulton County; Georgia,1008,0,13,121,011440
Census Tract 114.41; Fulton County; Georgia,2115,0,13,121,011441
Census Tract 114.42; Fulton County; Georgia,925,0,13,121,011442
Census Tract 114.43; Fulton County; Georgia,1537,9,13,121,011443
Census Tract 114.44; Fulton County; Georgia,2166,0,13,121,011444
Census Tract 114.45; Fulton County; Georgia,1222,14,13,121,011445
Census Tract 114.46; Fulton County; Georgia,1473,0,13,121,011446
Census Tract 115.05; Fulton County; Georgia,1831,0,13,121,011505
Census Tract 115.07; Fulton County; Georgia,1829,0,13,121,011507
Census Tract 115.08; Fulton County; Georgia,3076,21,13,121,011508
Census Tract 115.09; Fulton County; Georgia,1259,0,13,121,011509
Census Tract 115.10; Fulton County; Georgia,2625,0,13,121,011510
Census Tract 115.11; Fulton County; Georgia,1171,27,13,121,011511
Census Tract 115.12; Fulton County; Georgia,1635,0,13,121,011512
Census Tract 115.13; Fulton County; Georgia,1619,49,13,121,011513
Census Tract 115.14; Fulton County; Georgia,1668,49,13,121,011514
Census Tract 115.15; Fulton County; Georgia,1103,25,13,121,011515
Census Tract 116.12; Fulton County; Georgia,1625,55,13,121,011612
Census Tract 116.18; Fulton County; Georgia,2683,0,13,121,011618
Census Tract 116.24; Fulton County; Georgia,1918,0,13,121,011624
Census Tract 116.27; Fulton County; Georgia,1894,70,13,121,011627
Census Tract 116.28; Fulton County; Georgia,1361,127,13,121,011628
Census Tract 116.29; Fulton County; Georgia,2081,19,13,121,011629
Census Tract 116.30; Fulton County; Georgia,1786,0,13,121,011630
Census Tract 116.31; Fulton County; Georgia,2799,34,13,121,011631
Census Tract 116.32; Fulton County; Georgia,1615,21,13,121,011632
Census Tract 116.33; Fulton County; Georgia,1654,0,13,121,011633
Census Tract 116.34; Fulton County; Georgia,1064,28,13,121,011634
Census Tract 116.35; Fulton County; Georgia,2022,18,13,121,011635
Census Tract 116.36; Fulton County; Georgia,1039,90,13,121,011636
Census Tract 116.37; Fulton County; Georgia,1302,0,13,121,011637
Census Tract 116.38; Fulton County; Georgia,1878,50,13,121,011638
Census Tract 116.39; Fulton County; Georgia,1445,25,13,121,011639
Census Tract 116.40; Fulton County; Georgia,2739,250,13,121,011640
Census Tract 116.41; Fulton County; Georgia,2959,0,13,121,011641
Census Tract 116.42; Fulton County; Georgia,1720,69,13,121,011642
Census Tract 116.43; Fulton County; Georgia,3457,107,13,121,011643
Census Tract 116.44; Fulton County; Georgia,2226,0,13,121,011644
Census Tract 116.45; Fulton County; Georgia,1928,36,13,121,011645
Census Tract 116.46; Fulton County; Georgia,1968,113,13,121,011646
Census Tract 116.47; Fulton County; Georgia,2406,0,13,121,011647
Census Tract 116.48; Fulton County; Georgia,1382,0,13,121,011648
Census Tract 116.49; Fulton County; Georgia,2773,44,13,121,011649
Census Tract 116.50; Fulton County; Georgia,2741,137,13,121,011650
Census Tract 116.51; Fulton County; Georgia,1097,16,13,121,011651
Census Tract 116.52; Fulton County; Georgia,1807,26,13,121,011652
Census Tract 116.53; Fulton County; Georgia,1874,0,13,121,011653
Census Tract 116.54; Fulton County; Georgia,1438,49,13,121,011654
Census Tract 116.55; Fulton County; Georgia,1375,74,13,121,011655
Census Tract 116.56; Fulton County; Georgia,1980,0,13,121,011656
Census Tract 116.57; Fulton County; Georgia,1710,0,13,121,011657
Census Tract 116.58; Fulton County; Georgia,1969,15,13,121,011658
Census Tract 116.59; Fulton County; Georgia,1115,0,13,121,011659
Census Tract 116.60; Fulton County; Georgia,2187,0,13,121,011660
Census Tract 116.61; Fulton County; Georgia,970,0,13,121,011661
Census Tract 118.01; Fulton County; Georgia,812,0,13,121,011801
Census Tract 118.02; Fulton County; Georgia,809,57,13,121,011802
Census Tract 119.01; Fulton County; Georgia,791,258,13,121,011901
Census Tract 119.02; Fulton County; Georgia,888,9,13,121,011902
Census Tract 120; Fulton County; Georgia,1408,311,13,121,012000
Census Tract 123; Fulton County; Georgia,1188,0,13,121,012300
Census Tract 9800; Fulton County; Georgia,0,0,13,121,980000
